Date,Temperature,Moisture,Watering
2000-04-01, 30, 64, 142
2000-04-02, 39, 41, 183
2000-04-03, 33, 60, 193
2000-04-04, 34, 56, 174
2000-04-05, 25, 42, 130
2000-04-06, 37, 47, 135
2000-04-07, 33, 75, 184
2000-04-08, 30, 52, 156
2000-04-09, 35, 61, 145
2000-04-10, 38, 43, 145
2000-04-11, 30, 40, 166
2000-04-12, 30, 68, 139
2000-04-13, 27, 45, 154
2000-04-14, 38, 69, 186
2000-04-15, 37, 74, 160
2000-04-16, 25, 80, 176
2000-04-17, 30, 56, 179
2000-04-18, 28, 67, 199
2000-04-19, 26, 55, 169
2000-04-20, 32, 61, 182
2000-04-21, 34, 44, 183
2000-04-22, 40, 52, 137
2000-04-23, 29, 74, 198
2000-04-24, 27, 65, 175
2000-04-25, 25, 66, 155
2000-04-26, 39, 85, 200
2000-04-27, 38, 75, 144
2000-04-28, 33, 53, 178
2000-04-29, 31, 60, 165
2000-04-30, 38, 49, 184
2000-05-01, 31, 40, 195
2000-05-02, 31, 82, 161
2000-05-03, 32, 71, 182
2000-05-04, 31, 72, 154
2000-05-05, 27, 74, 173
2000-05-06, 27, 79, 167
2000-05-07, 32, 83, 157
2000-05-08, 26, 42, 169
2000-05-09, 29, 85, 163
2000-05-10, 34, 48, 154
2000-05-11, 29, 82, 132
2000-05-12, 36, 80, 175
2000-05-13, 34, 44, 146
2000-05-14, 25, 63, 177
2000-05-15, 38, 79, 146
2000-05-16, 37, 57, 163
2000-05-17, 33, 85, 141
2000-05-18, 26, 55, 193
2000-05-19, 37, 73, 176
2000-05-20, 26, 58, 193
2000-05-21, 40, 40, 151
2000-05-22, 32, 77, 152
2000-05-23, 37, 81, 151
2000-05-24, 39, 43, 137
2000-05-25, 27, 80, 144
2000-05-26, 39, 70, 161
2000-05-27, 38, 58, 199
2000-05-28, 39, 66, 163
2000-05-29, 25, 47, 175
2000-05-30, 29, 50, 131
2000-05-31, 25, 63, 162
2000-06-01, 40, 61, 173
2000-06-02, 27, 80, 197
2000-06-03, 32, 72, 145
2000-06-04, 31, 61, 145
2000-06-05, 27, 59, 189
2000-06-06, 34, 59, 198
2000-06-07, 35, 56, 192
2000-06-08, 25, 41, 143
2000-06-09, 39, 59, 131
2000-06-10, 39, 83, 150
2000-06-11, 40, 50, 156
2000-06-12, 32, 81, 177
2000-06-13, 35, 66, 143
2000-06-14, 25, 42, 154
2000-06-15, 26, 46, 151
2000-06-16, 33, 54, 130
2000-06-17, 33, 42, 161
2000-06-18, 40, 84, 132
2000-06-19, 33, 83, 188
2000-06-20, 34, 79, 186
2000-06-21, 36, 49, 150
2000-06-22, 30, 76, 141
2000-06-23, 30, 69, 150
2000-06-24, 39, 78, 174
2000-06-25, 35, 69, 182
2000-06-26, 39, 63, 132
2000-06-27, 37, 62, 180
2000-06-28, 38, 83, 181
2000-06-29, 26, 61, 188
2000-06-30, 32, 67, 151
2000-07-01, 33, 47, 150
2000-07-02, 31, 48, 192
2000-07-03, 28, 59, 190
2000-07-04, 33, 69, 190
2000-07-05, 39, 79, 135
2000-07-06, 26, 48, 150
2000-07-07, 28, 51, 168
2000-07-08, 36, 78, 159
2000-07-09, 30, 72, 138
2000-07-10, 35, 52, 142
2000-07-11, 36, 47, 135
2000-07-12, 39, 78, 157
2000-07-13, 28, 42, 133
2000-07-14, 38, 84, 155
2000-07-15, 32, 42, 164
2000-07-16, 40, 46, 152
2000-07-17, 25, 70, 184
2000-07-18, 26, 52, 164
2000-07-19, 34, 41, 197
2000-07-20, 28, 73, 142
2000-07-21, 27, 40, 174
2000-07-22, 34, 52, 190
2000-07-23, 35, 69, 144
2000-07-24, 35, 76, 144
2000-07-25, 28, 43, 200
2000-07-26, 38, 49, 156
2000-07-27, 31, 41, 164
2000-07-28, 26, 63, 195
2000-07-29, 32, 61, 146
2000-07-30, 38, 41, 146
2000-07-31, 31, 49, 199
2000-08-01, 34, 66, 134
2000-08-02, 25, 61, 168
2000-08-03, 38, 83, 194
2000-08-04, 26, 68, 154
2000-08-05, 39, 73, 149
2000-08-06, 29, 57, 155
2000-08-07, 28, 48, 193
2000-08-08, 39, 41, 161
2000-08-09, 33, 43, 183
2000-08-10, 25, 75, 145
2000-08-11, 29, 45, 195
2000-08-12, 39, 48, 136
2000-08-13, 34, 83, 144
2000-08-14, 26, 45, 150
2000-08-15, 37, 79, 180
2000-08-16, 35, 52, 172
2000-08-17, 32, 62, 184
2000-08-18, 27, 78, 199
2000-08-19, 39, 42, 194
2000-08-20, 39, 78, 153
2000-08-21, 25, 52, 136
2000-08-22, 25, 51, 151
2000-08-23, 33, 69, 165
2000-08-24, 25, 53, 148
2000-08-25, 27, 64, 179
2000-08-26, 38, 43, 146
2000-08-27, 29, 58, 171
2000-08-28, 32, 64, 182
2000-08-29, 28, 67, 144
2000-08-30, 30, 81, 142
2000-08-31, 31, 48, 153
2001-04-01, 32, 51, 199
2001-04-02, 39, 73, 186
2001-04-03, 33, 51, 145
2001-04-04, 26, 45, 184
2001-04-05, 32, 79, 200
2001-04-06, 30, 54, 171
2001-04-07, 28, 48, 148
2001-04-08, 37, 50, 161
2001-04-09, 38, 42, 182
2001-04-10, 36, 79, 155
2001-04-11, 31, 75, 170
2001-04-12, 34, 67, 166
2001-04-13, 38, 78, 185
2001-04-14, 38, 43, 197
2001-04-15, 35, 61, 131
2001-04-16, 37, 60, 140
2001-04-17, 34, 54, 152
2001-04-18, 35, 61, 200
2001-04-19, 28, 85, 196
2001-04-20, 32, 65, 180
2001-04-21, 34, 78, 136
2001-04-22, 31, 52, 197
2001-04-23, 38, 83, 170
2001-04-24, 40, 68, 148
2001-04-25, 30, 42, 137
2001-04-26, 33, 65, 150
2001-04-27, 26, 79, 173
2001-04-28, 35, 51, 134
2001-04-29, 26, 47, 137
2001-04-30, 37, 55, 191
2001-05-01, 34, 68, 191
2001-05-02, 32, 55, 147
2001-05-03, 26, 82, 173
2001-05-04, 36, 79, 146
2001-05-05, 36, 85, 141
2001-05-06, 27, 82, 181
2001-05-07, 27, 77, 176
2001-05-08, 36, 65, 153
2001-05-09, 36, 69, 148
2001-05-10, 38, 75, 146
2001-05-11, 35, 69, 131
2001-05-12, 33, 42, 188
2001-05-13, 36, 56, 135
2001-05-14, 33, 49, 141
2001-05-15, 29, 61, 139
2001-05-16, 37, 53, 146
2001-05-17, 32, 50, 165
2001-05-18, 28, 59, 195
2001-05-19, 39, 63, 184
2001-05-20, 40, 78, 145
2001-05-21, 27, 59, 134
2001-05-22, 31, 47, 138
2001-05-23, 29, 52, 176
2001-05-24, 35, 49, 153
2001-05-25, 25, 48, 159
2001-05-26, 36, 54, 197
2001-05-27, 39, 72, 138
2001-05-28, 30, 56, 137
2001-05-29, 38, 63, 172
2001-05-30, 33, 43, 169
2001-05-31, 39, 82, 167
2001-06-01, 32, 71, 182
2001-06-02, 32, 53, 200
2001-06-03, 32, 68, 195
2001-06-04, 27, 48, 188
2001-06-05, 38, 59, 189
2001-06-06, 29, 48, 185
2001-06-07, 39, 46, 149
2001-06-08, 37, 44, 191
2001-06-09, 26, 41, 145
2001-06-10, 28, 44, 195
2001-06-11, 32, 85, 142
2001-06-12, 27, 68, 184
2001-06-13, 30, 67, 197
2001-06-14, 25, 64, 196
2001-06-15, 28, 71, 170
2001-06-16, 33, 74, 183
2001-06-17, 28, 64, 168
2001-06-18, 27, 63, 138
2001-06-19, 36, 46, 149
2001-06-20, 29, 73, 138
2001-06-21, 39, 56, 170
2001-06-22, 33, 45, 139
2001-06-23, 27, 66, 146
2001-06-24, 25, 52, 159
2001-06-25, 40, 50, 169
2001-06-26, 39, 65, 174
2001-06-27, 36, 42, 181
2001-06-28, 26, 79, 149
2001-06-29, 28, 73, 157
2001-06-30, 34, 66, 174
2001-07-01, 35, 61, 137
2001-07-02, 30, 78, 183
2001-07-03, 37, 43, 163
2001-07-04, 29, 60, 192
2001-07-05, 36, 64, 167
2001-07-06, 29, 62, 183
2001-07-07, 28, 48, 181
2001-07-08, 30, 58, 193
2001-07-09, 29, 66, 183
2001-07-10, 40, 54, 147
2001-07-11, 25, 64, 145
2001-07-12, 32, 57, 197
2001-07-13, 36, 75, 187
2001-07-14, 30, 74, 197
2001-07-15, 29, 50, 150
2001-07-16, 36, 67, 179
2001-07-17, 40, 72, 185
2001-07-18, 25, 71, 190
2001-07-19, 25, 84, 132
2001-07-20, 29, 55, 189
2001-07-21, 33, 72, 155
2001-07-22, 39, 43, 197
2001-07-23, 40, 59, 186
2001-07-24, 36, 76, 173
2001-07-25, 38, 64, 194
2001-07-26, 35, 46, 131
2001-07-27, 25, 78, 183
2001-07-28, 28, 60, 187
2001-07-29, 33, 54, 143
2001-07-30, 37, 46, 166
2001-07-31, 25, 62, 170
2001-08-01, 31, 60, 156
2001-08-02, 36, 63, 170
2001-08-03, 36, 67, 197
2001-08-04, 30, 54, 192
2001-08-05, 34, 71, 167
2001-08-06, 26, 80, 150
2001-08-07, 30, 51, 159
2001-08-08, 28, 70, 173
2001-08-09, 26, 76, 193
2001-08-10, 26, 65, 148
2001-08-11, 25, 41, 145
2001-08-12, 31, 59, 162
2001-08-13, 26, 53, 169
2001-08-14, 30, 52, 130
2001-08-15, 37, 74, 169
2001-08-16, 36, 69, 149
2001-08-17, 36, 76, 139
2001-08-18, 35, 44, 133
2001-08-19, 36, 73, 133
2001-08-20, 30, 70, 193
2001-08-21, 28, 65, 166
2001-08-22, 36, 58, 159
2001-08-23, 35, 79, 151
2001-08-24, 36, 62, 142
2001-08-25, 31, 67, 191
2001-08-26, 26, 52, 163
2001-08-27, 29, 61, 133
2001-08-28, 29, 63, 184
2001-08-29, 31, 53, 192
2001-08-30, 34, 41, 195
2001-08-31, 34, 67, 196
2002-04-01, 28, 69, 143
2002-04-02, 37, 58, 137
2002-04-03, 36, 71, 155
2002-04-04, 33, 43, 156
2002-04-05, 34, 62, 135
2002-04-06, 39, 58, 194
2002-04-07, 38, 57, 156
2002-04-08, 33, 45, 153
2002-04-09, 40, 45, 198
2002-04-10, 36, 81, 191
2002-04-11, 31, 74, 141
2002-04-12, 36, 60, 190
2002-04-13, 28, 67, 173
2002-04-14, 39, 42, 173
2002-04-15, 33, 45, 189
2002-04-16, 38, 85, 154
2002-04-17, 28, 85, 176
2002-04-18, 37, 79, 147
2002-04-19, 40, 49, 188
2002-04-20, 25, 52, 187
2002-04-21, 38, 70, 166
2002-04-22, 30, 45, 194
2002-04-23, 40, 52, 134
2002-04-24, 31, 40, 192
2002-04-25, 39, 56, 131
2002-04-26, 33, 51, 196
2002-04-27, 39, 63, 179
2002-04-28, 35, 74, 147
2002-04-29, 25, 66, 162
2002-04-30, 25, 80, 165
2002-05-01, 37, 61, 161
2002-05-02, 31, 76, 170
2002-05-03, 39, 63, 144
2002-05-04, 25, 66, 179
2002-05-05, 30, 53, 191
2002-05-06, 36, 47, 195
2002-05-07, 37, 76, 197
2002-05-08, 40, 45, 186
2002-05-09, 40, 78, 157
2002-05-10, 31, 84, 183
2002-05-11, 26, 79, 156
2002-05-12, 39, 50, 132
2002-05-13, 31, 41, 176
2002-05-14, 33, 57, 200
2002-05-15, 27, 41, 138
2002-05-16, 38, 68, 166
2002-05-17, 27, 79, 153
2002-05-18, 35, 76, 154
2002-05-19, 37, 53, 167
2002-05-20, 30, 51, 171
2002-05-21, 39, 51, 165
2002-05-22, 27, 59, 176
2002-05-23, 31, 85, 177
2002-05-24, 39, 76, 145
2002-05-25, 28, 81, 131
2002-05-26, 34, 68, 188
2002-05-27, 34, 57, 140
2002-05-28, 32, 72, 145
2002-05-29, 37, 51, 158
2002-05-30, 28, 81, 196
2002-05-31, 38, 49, 183
2002-06-01, 37, 40, 133
2002-06-02, 37, 80, 138
2002-06-03, 37, 59, 177
2002-06-04, 40, 75, 143
2002-06-05, 28, 85, 138
2002-06-06, 26, 43, 155
2002-06-07, 40, 51, 159
2002-06-08, 39, 64, 154
2002-06-09, 30, 54, 198
2002-06-10, 28, 48, 159
2002-06-11, 38, 68, 158
2002-06-12, 35, 60, 196
2002-06-13, 33, 50, 150
2002-06-14, 33, 53, 154
2002-06-15, 25, 84, 140
2002-06-16, 35, 54, 156
2002-06-17, 36, 44, 133
2002-06-18, 37, 63, 188
2002-06-19, 36, 82, 140
2002-06-20, 35, 62, 154
2002-06-21, 25, 60, 174
2002-06-22, 35, 52, 143
2002-06-23, 34, 54, 187
2002-06-24, 36, 62, 148
2002-06-25, 40, 75, 161
2002-06-26, 36, 53, 175
2002-06-27, 31, 40, 194
2002-06-28, 32, 81, 180
2002-06-29, 34, 84, 192
2002-06-30, 28, 79, 173
2002-07-01, 37, 80, 172
2002-07-02, 33, 44, 136
2002-07-03, 39, 48, 164
2002-07-04, 31, 66, 163
2002-07-05, 32, 79, 165
2002-07-06, 35, 51, 162
2002-07-07, 26, 60, 181
2002-07-08, 33, 83, 139
2002-07-09, 27, 73, 182
2002-07-10, 34, 63, 200
2002-07-11, 37, 53, 172
2002-07-12, 34, 75, 175
2002-07-13, 40, 83, 149
2002-07-14, 39, 72, 194
2002-07-15, 33, 60, 194
2002-07-16, 29, 64, 195
2002-07-17, 34, 58, 197
2002-07-18, 26, 48, 195
2002-07-19, 32, 71, 152
2002-07-20, 26, 64, 141
2002-07-21, 37, 75, 156
2002-07-22, 33, 45, 143
2002-07-23, 28, 75, 144
2002-07-24, 30, 65, 148
2002-07-25, 29, 53, 151
2002-07-26, 33, 85, 133
2002-07-27, 35, 75, 158
2002-07-28, 32, 58, 132
2002-07-29, 25, 74, 170
2002-07-30, 40, 84, 197
2002-07-31, 30, 56, 153
2002-08-01, 35, 61, 193
2002-08-02, 37, 43, 173
2002-08-03, 28, 50, 168
2002-08-04, 28, 62, 199
2002-08-05, 32, 47, 156
2002-08-06, 28, 63, 183
2002-08-07, 32, 79, 133
2002-08-08, 37, 44, 153
2002-08-09, 36, 65, 198
2002-08-10, 34, 66, 166
2002-08-11, 37, 51, 184
2002-08-12, 26, 83, 171
2002-08-13, 37, 79, 131
2002-08-14, 32, 43, 153
2002-08-15, 38, 48, 181
2002-08-16, 27, 58, 131
2002-08-17, 37, 63, 147
2002-08-18, 38, 41, 168
2002-08-19, 34, 64, 130
2002-08-20, 30, 52, 164
2002-08-21, 32, 52, 179
2002-08-22, 30, 69, 175
2002-08-23, 38, 57, 164
2002-08-24, 31, 61, 158
2002-08-25, 33, 44, 177
2002-08-26, 39, 51, 173
2002-08-27, 37, 80, 166
2002-08-28, 38, 60, 197
2002-08-29, 31, 82, 175
2002-08-30, 33, 70, 168
2002-08-31, 33, 53, 171
2003-04-01, 34, 85, 150
2003-04-02, 37, 56, 195
2003-04-03, 39, 83, 132
2003-04-04, 32, 42, 181
2003-04-05, 33, 43, 195
2003-04-06, 40, 53, 154
2003-04-07, 36, 79, 200
2003-04-08, 25, 71, 175
2003-04-09, 35, 59, 130
2003-04-10, 34, 56, 135
2003-04-11, 32, 44, 195
2003-04-12, 33, 71, 174
2003-04-13, 34, 77, 193
2003-04-14, 39, 64, 155
2003-04-15, 34, 76, 131
2003-04-16, 28, 66, 181
2003-04-17, 26, 66, 148
2003-04-18, 39, 49, 162
2003-04-19, 29, 73, 130
2003-04-20, 39, 66, 167
2003-04-21, 35, 74, 165
2003-04-22, 32, 74, 168
2003-04-23, 28, 71, 144
2003-04-24, 36, 46, 200
2003-04-25, 33, 45, 139
2003-04-26, 31, 59, 132
2003-04-27, 34, 84, 145
2003-04-28, 36, 66, 179
2003-04-29, 36, 70, 133
2003-04-30, 39, 68, 141
2003-05-01, 30, 81, 160
2003-05-02, 29, 66, 200
2003-05-03, 38, 81, 139
2003-05-04, 25, 71, 138
2003-05-05, 40, 64, 159
2003-05-06, 27, 65, 192
2003-05-07, 34, 80, 185
2003-05-08, 35, 67, 165
2003-05-09, 28, 62, 197
2003-05-10, 36, 79, 186
2003-05-11, 33, 73, 163
2003-05-12, 37, 54, 172
2003-05-13, 39, 81, 195
2003-05-14, 26, 65, 191
2003-05-15, 27, 46, 134
2003-05-16, 37, 43, 142
2003-05-17, 38, 55, 191
2003-05-18, 35, 46, 152
2003-05-19, 35, 82, 182
2003-05-20, 25, 80, 147
2003-05-21, 28, 67, 177
2003-05-22, 27, 65, 172
2003-05-23, 40, 77, 170
2003-05-24, 26, 61, 168
2003-05-25, 37, 64, 151
2003-05-26, 33, 62, 152
2003-05-27, 33, 85, 182
2003-05-28, 25, 43, 189
2003-05-29, 29, 74, 192
2003-05-30, 31, 42, 166
2003-05-31, 31, 46, 174
2003-06-01, 40, 74, 182
2003-06-02, 40, 52, 182
2003-06-03, 37, 74, 164
2003-06-04, 26, 56, 188
2003-06-05, 36, 43, 135
2003-06-06, 34, 45, 167
2003-06-07, 27, 83, 136
2003-06-08, 40, 56, 134
2003-06-09, 35, 64, 163
2003-06-10, 36, 57, 190
2003-06-11, 37, 57, 150
2003-06-12, 25, 47, 136
2003-06-13, 39, 60, 177
2003-06-14, 40, 59, 178
2003-06-15, 37, 71, 158
2003-06-16, 26, 66, 166
2003-06-17, 30, 83, 154
2003-06-18, 39, 42, 149
2003-06-19, 33, 46, 144
2003-06-20, 36, 57, 135
2003-06-21, 37, 44, 200
2003-06-22, 25, 60, 178
2003-06-23, 39, 70, 162
2003-06-24, 27, 76, 166
2003-06-25, 32, 81, 132
2003-06-26, 40, 48, 163
2003-06-27, 38, 48, 151
2003-06-28, 30, 79, 147
2003-06-29, 27, 46, 190
2003-06-30, 32, 44, 144
2003-07-01, 31, 48, 186
2003-07-02, 33, 76, 189
2003-07-03, 40, 55, 180
2003-07-04, 29, 81, 200
2003-07-05, 31, 66, 140
2003-07-06, 25, 63, 181
2003-07-07, 31, 81, 153
2003-07-08, 27, 65, 135
2003-07-09, 37, 60, 166
2003-07-10, 29, 76, 198
2003-07-11, 28, 65, 165
2003-07-12, 31, 50, 176
2003-07-13, 31, 45, 143
2003-07-14, 29, 75, 172
2003-07-15, 36, 78, 160
2003-07-16, 35, 51, 180
2003-07-17, 31, 49, 144
2003-07-18, 40, 41, 198
2003-07-19, 29, 53, 150
2003-07-20, 31, 73, 148
2003-07-21, 29, 54, 188
2003-07-22, 39, 49, 130
2003-07-23, 29, 47, 145
2003-07-24, 28, 60, 162
2003-07-25, 25, 73, 150
2003-07-26, 39, 62, 172
2003-07-27, 39, 56, 188
2003-07-28, 33, 63, 162
2003-07-29, 38, 43, 147
2003-07-30, 38, 48, 189
2003-07-31, 39, 67, 190
2003-08-01, 36, 57, 151
2003-08-02, 32, 70, 145
2003-08-03, 28, 75, 197
2003-08-04, 29, 59, 184
2003-08-05, 32, 82, 151
2003-08-06, 25, 79, 190
2003-08-07, 26, 81, 164
2003-08-08, 38, 64, 193
2003-08-09, 37, 58, 150
2003-08-10, 31, 64, 180
2003-08-11, 31, 66, 132
2003-08-12, 36, 44, 185
2003-08-13, 38, 50, 178
2003-08-14, 33, 75, 187
2003-08-15, 37, 74, 180
2003-08-16, 36, 57, 157
2003-08-17, 29, 60, 184
2003-08-18, 26, 84, 134
2003-08-19, 27, 72, 171
2003-08-20, 26, 68, 161
2003-08-21, 25, 40, 157
2003-08-22, 30, 64, 146
2003-08-23, 38, 45, 180
2003-08-24, 28, 73, 159
2003-08-25, 36, 51, 148
2003-08-26, 28, 83, 159
2003-08-27, 30, 48, 182
2003-08-28, 25, 55, 173
2003-08-29, 32, 52, 140
2003-08-30, 27, 65, 198
2003-08-31, 34, 40, 194
2004-04-01, 25, 62, 172
2004-04-02, 28, 50, 141
2004-04-03, 40, 41, 167
2004-04-04, 39, 70, 156
2004-04-05, 39, 64, 182
2004-04-06, 35, 61, 166
2004-04-07, 31, 40, 185
2004-04-08, 27, 49, 184
2004-04-09, 29, 57, 178
2004-04-10, 27, 47, 192
2004-04-11, 40, 54, 187
2004-04-12, 34, 85, 190
2004-04-13, 26, 85, 133
2004-04-14, 38, 82, 177
2004-04-15, 29, 54, 155
2004-04-16, 26, 42, 169
2004-04-17, 32, 42, 179
2004-04-18, 29, 60, 189
2004-04-19, 32, 80, 147
2004-04-20, 31, 41, 192
2004-04-21, 38, 53, 144
2004-04-22, 40, 45, 172
2004-04-23, 30, 73, 146
2004-04-24, 26, 44, 199
2004-04-25, 32, 42, 174
2004-04-26, 40, 48, 144
2004-04-27, 28, 79, 184
2004-04-28, 34, 44, 134
2004-04-29, 27, 48, 148
2004-04-30, 35, 65, 179
2004-05-01, 25, 50, 198
2004-05-02, 36, 73, 195
2004-05-03, 26, 53, 134
2004-05-04, 31, 41, 135
2004-05-05, 32, 42, 171
2004-05-06, 36, 50, 152
2004-05-07, 30, 74, 145
2004-05-08, 27, 53, 156
2004-05-09, 25, 67, 157
2004-05-10, 31, 60, 150
2004-05-11, 26, 70, 182
2004-05-12, 31, 57, 130
2004-05-13, 28, 49, 138
2004-05-14, 29, 68, 144
2004-05-15, 27, 44, 180
2004-05-16, 36, 79, 135
2004-05-17, 40, 46, 200
2004-05-18, 34, 72, 158
2004-05-19, 29, 74, 170
2004-05-20, 28, 64, 170
2004-05-21, 38, 67, 163
2004-05-22, 40, 52, 191
2004-05-23, 36, 52, 134
2004-05-24, 32, 75, 197
2004-05-25, 31, 56, 177
2004-05-26, 38, 53, 190
2004-05-27, 33, 65, 147
2004-05-28, 36, 85, 146
2004-05-29, 31, 65, 150
2004-05-30, 25, 85, 167
2004-05-31, 26, 66, 177
2004-06-01, 31, 55, 139
2004-06-02, 34, 79, 130
2004-06-03, 34, 61, 199
2004-06-04, 32, 81, 165
2004-06-05, 25, 84, 133
2004-06-06, 40, 42, 146
2004-06-07, 35, 56, 145
2004-06-08, 39, 46, 172
2004-06-09, 38, 47, 154
2004-06-10, 28, 83, 138
2004-06-11, 37, 56, 165
2004-06-12, 37, 44, 181
2004-06-13, 34, 69, 146
2004-06-14, 31, 68, 199
2004-06-15, 37, 50, 172
2004-06-16, 29, 76, 200
2004-06-17, 32, 64, 175
2004-06-18, 35, 68, 155
2004-06-19, 30, 83, 139
2004-06-20, 32, 41, 178
2004-06-21, 35, 50, 187
2004-06-22, 37, 45, 174
2004-06-23, 38, 65, 177
2004-06-24, 38, 78, 148
2004-06-25, 34, 72, 168
2004-06-26, 26, 53, 188
2004-06-27, 36, 40, 199
2004-06-28, 28, 56, 174
2004-06-29, 27, 53, 160
2004-06-30, 27, 46, 131
2004-07-01, 38, 73, 151
2004-07-02, 29, 41, 176
2004-07-03, 39, 46, 138
2004-07-04, 39, 74, 184
2004-07-05, 35, 56, 170
2004-07-06, 34, 72, 162
2004-07-07, 36, 53, 143
2004-07-08, 35, 78, 157
2004-07-09, 38, 70, 196
2004-07-10, 36, 74, 172
2004-07-11, 34, 72, 197
2004-07-12, 26, 69, 173
2004-07-13, 37, 44, 172
2004-07-14, 34, 58, 138
2004-07-15, 37, 85, 189
2004-07-16, 27, 58, 180
2004-07-17, 34, 61, 136
2004-07-18, 25, 68, 179
2004-07-19, 31, 40, 159
2004-07-20, 33, 55, 185
2004-07-21, 26, 48, 194
2004-07-22, 37, 53, 160
2004-07-23, 38, 45, 164
2004-07-24, 40, 66, 177
2004-07-25, 28, 84, 150
2004-07-26, 30, 82, 171
2004-07-27, 38, 69, 158
2004-07-28, 35, 77, 192
2004-07-29, 25, 75, 195
2004-07-30, 28, 59, 147
2004-07-31, 33, 52, 167
2004-08-01, 38, 54, 186
2004-08-02, 37, 62, 186
2004-08-03, 37, 81, 171
2004-08-04, 33, 73, 131
2004-08-05, 30, 82, 198
2004-08-06, 34, 51, 197
2004-08-07, 32, 84, 152
2004-08-08, 34, 62, 143
2004-08-09, 39, 69, 180
2004-08-10, 29, 72, 162
2004-08-11, 33, 60, 196
2004-08-12, 28, 54, 173
2004-08-13, 29, 82, 135
2004-08-14, 30, 55, 162
2004-08-15, 28, 81, 132
2004-08-16, 29, 76, 175
2004-08-17, 30, 83, 158
2004-08-18, 31, 69, 135
2004-08-19, 35, 47, 139
2004-08-20, 40, 47, 159
2004-08-21, 28, 69, 178
2004-08-22, 34, 63, 138
2004-08-23, 31, 71, 180
2004-08-24, 28, 57, 138
2004-08-25, 28, 83, 166
2004-08-26, 27, 59, 176
2004-08-27, 31, 75, 131
2004-08-28, 28, 84, 196
2004-08-29, 37, 83, 145
2004-08-30, 25, 64, 130
2004-08-31, 30, 61, 168
2005-04-01, 40, 63, 200
2005-04-02, 25, 52, 194
2005-04-03, 38, 44, 157
2005-04-04, 36, 48, 198
2005-04-05, 27, 43, 156
2005-04-06, 34, 77, 139
2005-04-07, 31, 73, 146
2005-04-08, 40, 64, 198
2005-04-09, 36, 70, 193
2005-04-10, 40, 75, 142
2005-04-11, 40, 68, 138
2005-04-12, 38, 67, 160
2005-04-13, 34, 53, 177
2005-04-14, 40, 55, 133
2005-04-15, 25, 59, 142
2005-04-16, 40, 66, 190
2005-04-17, 32, 45, 173
2005-04-18, 34, 41, 178
2005-04-19, 29, 62, 166
2005-04-20, 40, 79, 189
2005-04-21, 26, 51, 183
2005-04-22, 33, 60, 152
2005-04-23, 32, 78, 160
2005-04-24, 31, 68, 163
2005-04-25, 31, 71, 173
2005-04-26, 36, 81, 184
2005-04-27, 28, 73, 132
2005-04-28, 27, 42, 189
2005-04-29, 26, 74, 159
2005-04-30, 32, 77, 191
2005-05-01, 35, 49, 172
2005-05-02, 38, 46, 131
2005-05-03, 26, 50, 134
2005-05-04, 35, 51, 130
2005-05-05, 32, 46, 170
2005-05-06, 26, 83, 136
2005-05-07, 35, 80, 149
2005-05-08, 27, 46, 143
2005-05-09, 35, 59, 167
2005-05-10, 30, 78, 149
2005-05-11, 40, 70, 161
2005-05-12, 31, 79, 195
2005-05-13, 29, 55, 193
2005-05-14, 26, 46, 145
2005-05-15, 28, 42, 192
2005-05-16, 32, 61, 178
2005-05-17, 35, 75, 156
2005-05-18, 37, 51, 152
2005-05-19, 32, 67, 134
2005-05-20, 35, 76, 169
2005-05-21, 25, 75, 168
2005-05-22, 37, 46, 181
2005-05-23, 30, 82, 153
2005-05-24, 26, 60, 200
2005-05-25, 37, 59, 148
2005-05-26, 40, 41, 165
2005-05-27, 35, 65, 162
2005-05-28, 28, 76, 191
2005-05-29, 30, 67, 177
2005-05-30, 27, 70, 195
2005-05-31, 27, 44, 155
2005-06-01, 26, 48, 138
2005-06-02, 37, 61, 157
2005-06-03, 30, 49, 141
2005-06-04, 38, 82, 176
2005-06-05, 27, 68, 146
2005-06-06, 36, 74, 197
2005-06-07, 37, 74, 165
2005-06-08, 36, 70, 144
2005-06-09, 25, 65, 153
2005-06-10, 37, 42, 192
2005-06-11, 37, 61, 181
2005-06-12, 36, 80, 180
2005-06-13, 31, 52, 196
2005-06-14, 38, 85, 138
2005-06-15, 38, 70, 133
2005-06-16, 38, 51, 157
2005-06-17, 38, 70, 140
2005-06-18, 37, 50, 161
2005-06-19, 26, 44, 134
2005-06-20, 30, 82, 187
2005-06-21, 29, 57, 190
2005-06-22, 31, 57, 180
2005-06-23, 36, 63, 162
2005-06-24, 27, 53, 141
2005-06-25, 30, 52, 193
2005-06-26, 26, 83, 159
2005-06-27, 25, 77, 163
2005-06-28, 31, 45, 142
2005-06-29, 35, 81, 130
2005-06-30, 32, 71, 192
2005-07-01, 38, 75, 194
2005-07-02, 28, 84, 170
2005-07-03, 26, 72, 149
2005-07-04, 35, 47, 179
2005-07-05, 36, 79, 177
2005-07-06, 30, 49, 179
2005-07-07, 37, 68, 142
2005-07-08, 29, 76, 142
2005-07-09, 38, 62, 163
2005-07-10, 30, 50, 168
2005-07-11, 31, 59, 200
2005-07-12, 27, 47, 189
2005-07-13, 36, 56, 163
2005-07-14, 37, 44, 192
2005-07-15, 29, 58, 155
2005-07-16, 32, 43, 137
2005-07-17, 37, 62, 184
2005-07-18, 28, 40, 143
2005-07-19, 31, 52, 178
2005-07-20, 35, 58, 153
2005-07-21, 26, 79, 134
2005-07-22, 25, 72, 186
2005-07-23, 25, 58, 147
2005-07-24, 34, 51, 168
2005-07-25, 25, 58, 198
2005-07-26, 34, 62, 182
2005-07-27, 37, 78, 169
2005-07-28, 34, 77, 182
2005-07-29, 33, 54, 183
2005-07-30, 39, 47, 192
2005-07-31, 38, 62, 136
2005-08-01, 30, 80, 150
2005-08-02, 33, 79, 162
2005-08-03, 31, 48, 136
2005-08-04, 30, 60, 182
2005-08-05, 29, 67, 185
2005-08-06, 35, 61, 195
2005-08-07, 40, 59, 195
2005-08-08, 39, 55, 139
2005-08-09, 39, 42, 156
2005-08-10, 35, 57, 165
2005-08-11, 32, 48, 136
2005-08-12, 36, 84, 174
2005-08-13, 31, 65, 145
2005-08-14, 32, 72, 162
2005-08-15, 37, 66, 134
2005-08-16, 31, 80, 151
2005-08-17, 40, 84, 143
2005-08-18, 35, 57, 132
2005-08-19, 26, 81, 147
2005-08-20, 32, 60, 184
2005-08-21, 34, 66, 169
2005-08-22, 32, 84, 186
2005-08-23, 33, 71, 163
2005-08-24, 30, 52, 171
2005-08-25, 28, 43, 155
2005-08-26, 37, 40, 184
2005-08-27, 25, 56, 133
2005-08-28, 33, 46, 142
2005-08-29, 32, 63, 143
2005-08-30, 40, 40, 173
2005-08-31, 37, 82, 199
2006-04-01, 37, 75, 136
2006-04-02, 25, 50, 152
2006-04-03, 27, 54, 191
2006-04-04, 34, 52, 166
2006-04-05, 31, 58, 149
2006-04-06, 40, 41, 167
2006-04-07, 37, 46, 163
2006-04-08, 25, 57, 162
2006-04-09, 40, 79, 152
2006-04-10, 27, 61, 144
2006-04-11, 29, 58, 200
2006-04-12, 28, 60, 141
2006-04-13, 29, 58, 173
2006-04-14, 34, 40, 193
2006-04-15, 35, 74, 148
2006-04-16, 28, 47, 173
2006-04-17, 36, 58, 139
2006-04-18, 25, 45, 134
2006-04-19, 26, 65, 179
2006-04-20, 27, 63, 187
2006-04-21, 29, 59, 198
2006-04-22, 31, 48, 167
2006-04-23, 27, 75, 194
2006-04-24, 36, 53, 138
2006-04-25, 25, 78, 195
2006-04-26, 39, 63, 160
2006-04-27, 29, 54, 136
2006-04-28, 26, 85, 182
2006-04-29, 27, 57, 180
2006-04-30, 40, 67, 167
2006-05-01, 38, 68, 154
2006-05-02, 33, 69, 194
2006-05-03, 31, 71, 148
2006-05-04, 38, 44, 162
2006-05-05, 37, 50, 181
2006-05-06, 39, 61, 164
2006-05-07, 27, 64, 154
2006-05-08, 38, 60, 131
2006-05-09, 33, 84, 149
2006-05-10, 35, 71, 130
2006-05-11, 30, 73, 153
2006-05-12, 36, 58, 188
2006-05-13, 40, 74, 131
2006-05-14, 40, 59, 155
2006-05-15, 35, 65, 189
2006-05-16, 29, 72, 152
2006-05-17, 26, 78, 135
2006-05-18, 35, 52, 165
2006-05-19, 35, 67, 192
2006-05-20, 39, 47, 166
2006-05-21, 39, 60, 149
2006-05-22, 29, 71, 185
2006-05-23, 27, 80, 169
2006-05-24, 29, 68, 186
2006-05-25, 35, 68, 172
2006-05-26, 38, 85, 162
2006-05-27, 28, 65, 154
2006-05-28, 39, 63, 138
2006-05-29, 39, 41, 172
2006-05-30, 29, 76, 165
2006-05-31, 32, 65, 190
2006-06-01, 28, 57, 144
2006-06-02, 37, 41, 184
2006-06-03, 31, 62, 173
2006-06-04, 29, 76, 139
2006-06-05, 36, 55, 150
2006-06-06, 39, 69, 169
2006-06-07, 31, 47, 158
2006-06-08, 37, 67, 131
2006-06-09, 39, 78, 133
2006-06-10, 36, 68, 143
2006-06-11, 35, 43, 135
2006-06-12, 27, 41, 131
2006-06-13, 38, 79, 131
2006-06-14, 25, 73, 130
2006-06-15, 26, 76, 130
2006-06-16, 34, 68, 139
2006-06-17, 37, 41, 142
2006-06-18, 39, 57, 192
2006-06-19, 29, 71, 196
2006-06-20, 34, 80, 159
2006-06-21, 25, 46, 191
2006-06-22, 27, 49, 154
2006-06-23, 36, 51, 155
2006-06-24, 36, 56, 180
2006-06-25, 38, 84, 171
2006-06-26, 31, 68, 197
2006-06-27, 28, 53, 176
2006-06-28, 34, 59, 186
2006-06-29, 35, 53, 160
2006-06-30, 38, 58, 199
2006-07-01, 25, 55, 141
2006-07-02, 31, 73, 149
2006-07-03, 28, 81, 136
2006-07-04, 30, 84, 186
2006-07-05, 28, 56, 173
2006-07-06, 28, 65, 137
2006-07-07, 27, 66, 181
2006-07-08, 38, 54, 182
2006-07-09, 27, 49, 185
2006-07-10, 38, 57, 198
2006-07-11, 28, 56, 131
2006-07-12, 40, 57, 135
2006-07-13, 34, 80, 184
2006-07-14, 39, 69, 141
2006-07-15, 32, 73, 169
2006-07-16, 38, 71, 195
2006-07-17, 33, 65, 162
2006-07-18, 33, 79, 131
2006-07-19, 27, 57, 193
2006-07-20, 29, 63, 164
2006-07-21, 29, 73, 190
2006-07-22, 32, 49, 173
2006-07-23, 31, 80, 134
2006-07-24, 37, 68, 134
2006-07-25, 36, 66, 159
2006-07-26, 27, 46, 192
2006-07-27, 38, 74, 162
2006-07-28, 31, 62, 196
2006-07-29, 25, 71, 198
2006-07-30, 36, 81, 169
2006-07-31, 25, 84, 171
2006-08-01, 31, 75, 182
2006-08-02, 37, 69, 131
2006-08-03, 26, 62, 193
2006-08-04, 28, 72, 133
2006-08-05, 38, 56, 164
2006-08-06, 35, 81, 197
2006-08-07, 35, 51, 195
2006-08-08, 30, 55, 175
2006-08-09, 38, 44, 154
2006-08-10, 38, 75, 155
2006-08-11, 40, 64, 171
2006-08-12, 36, 60, 134
2006-08-13, 28, 74, 194
2006-08-14, 27, 65, 141
2006-08-15, 31, 74, 147
2006-08-16, 27, 84, 195
2006-08-17, 31, 68, 178
2006-08-18, 30, 60, 176
2006-08-19, 37, 73, 194
2006-08-20, 40, 54, 176
2006-08-21, 39, 77, 184
2006-08-22, 35, 63, 173
2006-08-23, 31, 54, 181
2006-08-24, 29, 63, 182
2006-08-25, 34, 58, 182
2006-08-26, 31, 46, 176
2006-08-27, 37, 72, 140
2006-08-28, 25, 60, 152
2006-08-29, 27, 56, 171
2006-08-30, 30, 70, 188
2006-08-31, 34, 51, 177
2007-04-01, 31, 44, 174
2007-04-02, 25, 70, 193
2007-04-03, 34, 72, 141
2007-04-04, 34, 79, 197
2007-04-05, 36, 74, 159
2007-04-06, 34, 50, 164
2007-04-07, 39, 45, 188
2007-04-08, 37, 50, 145
2007-04-09, 34, 47, 195
2007-04-10, 35, 45, 151
2007-04-11, 29, 60, 174
2007-04-12, 40, 45, 170
2007-04-13, 25, 64, 179
2007-04-14, 26, 60, 157
2007-04-15, 36, 83, 182
2007-04-16, 32, 69, 186
2007-04-17, 39, 58, 177
2007-04-18, 28, 47, 145
2007-04-19, 32, 54, 135
2007-04-20, 35, 48, 192
2007-04-21, 33, 73, 167
2007-04-22, 39, 59, 170
2007-04-23, 28, 72, 169
2007-04-24, 36, 56, 185
2007-04-25, 40, 82, 181
2007-04-26, 40, 43, 152
2007-04-27, 39, 60, 134
2007-04-28, 25, 58, 170
2007-04-29, 38, 46, 135
2007-04-30, 34, 66, 144
2007-05-01, 37, 45, 135
2007-05-02, 26, 75, 162
2007-05-03, 38, 63, 198
2007-05-04, 29, 55, 196
2007-05-05, 26, 59, 153
2007-05-06, 28, 69, 191
2007-05-07, 25, 75, 162
2007-05-08, 31, 76, 150
2007-05-09, 35, 56, 189
2007-05-10, 35, 51, 151
2007-05-11, 40, 40, 158
2007-05-12, 25, 69, 148
2007-05-13, 26, 48, 178
2007-05-14, 27, 81, 143
2007-05-15, 37, 55, 143
2007-05-16, 31, 44, 140
2007-05-17, 26, 68, 176
2007-05-18, 29, 69, 132
2007-05-19, 26, 48, 136
2007-05-20, 37, 61, 198
2007-05-21, 26, 53, 189
2007-05-22, 25, 78, 160
2007-05-23, 28, 84, 171
2007-05-24, 27, 63, 172
2007-05-25, 40, 48, 182
2007-05-26, 29, 84, 157
2007-05-27, 36, 81, 192
2007-05-28, 25, 51, 172
2007-05-29, 29, 84, 193
2007-05-30, 38, 43, 137
2007-05-31, 33, 54, 189
2007-06-01, 39, 47, 177
2007-06-02, 36, 50, 160
2007-06-03, 26, 81, 166
2007-06-04, 34, 53, 194
2007-06-05, 30, 73, 157
2007-06-06, 40, 73, 146
2007-06-07, 32, 81, 186
2007-06-08, 26, 44, 189
2007-06-09, 26, 49, 146
2007-06-10, 35, 40, 168
2007-06-11, 33, 73, 147
2007-06-12, 26, 78, 174
2007-06-13, 32, 51, 155
2007-06-14, 28, 55, 145
2007-06-15, 35, 65, 148
2007-06-16, 34, 73, 185
2007-06-17, 28, 68, 164
2007-06-18, 28, 60, 146
2007-06-19, 32, 44, 165
2007-06-20, 39, 43, 137
2007-06-21, 31, 51, 144
2007-06-22, 26, 50, 144
2007-06-23, 26, 53, 160
2007-06-24, 37, 72, 188
2007-06-25, 33, 70, 148
2007-06-26, 30, 59, 177
2007-06-27, 29, 76, 142
2007-06-28, 33, 60, 168
2007-06-29, 26, 67, 140
2007-06-30, 40, 55, 197
2007-07-01, 33, 82, 183
2007-07-02, 30, 74, 143
2007-07-03, 40, 52, 134
2007-07-04, 39, 42, 182
2007-07-05, 27, 63, 186
2007-07-06, 28, 52, 142
2007-07-07, 35, 76, 173
2007-07-08, 39, 67, 167
2007-07-09, 27, 42, 192
2007-07-10, 38, 68, 161
2007-07-11, 31, 44, 161
2007-07-12, 34, 54, 132
2007-07-13, 30, 72, 169
2007-07-14, 29, 53, 140
2007-07-15, 39, 70, 141
2007-07-16, 38, 56, 133
2007-07-17, 30, 58, 156
2007-07-18, 34, 51, 193
2007-07-19, 32, 65, 159
2007-07-20, 39, 45, 142
2007-07-21, 28, 53, 176
2007-07-22, 39, 50, 157
2007-07-23, 40, 72, 146
2007-07-24, 32, 59, 194
2007-07-25, 40, 41, 143
2007-07-26, 34, 51, 198
2007-07-27, 38, 53, 160
2007-07-28, 27, 75, 194
2007-07-29, 35, 68, 187
2007-07-30, 31, 64, 153
2007-07-31, 31, 73, 140
2007-08-01, 33, 66, 171
2007-08-02, 28, 57, 144
2007-08-03, 40, 53, 148
2007-08-04, 38, 70, 178
2007-08-05, 26, 64, 147
2007-08-06, 26, 53, 166
2007-08-07, 27, 79, 133
2007-08-08, 25, 62, 132
2007-08-09, 28, 68, 196
2007-08-10, 39, 72, 169
2007-08-11, 39, 72, 136
2007-08-12, 27, 75, 176
2007-08-13, 27, 82, 149
2007-08-14, 32, 53, 145
2007-08-15, 35, 46, 148
2007-08-16, 38, 50, 178
2007-08-17, 26, 54, 155
2007-08-18, 39, 76, 183
2007-08-19, 25, 83, 136
2007-08-20, 36, 59, 199
2007-08-21, 27, 79, 133
2007-08-22, 27, 69, 172
2007-08-23, 29, 64, 134
2007-08-24, 29, 65, 132
2007-08-25, 28, 41, 153
2007-08-26, 33, 51, 165
2007-08-27, 40, 41, 169
2007-08-28, 33, 75, 160
2007-08-29, 29, 57, 162
2007-08-30, 28, 85, 170
2007-08-31, 31, 84, 181
2008-04-01, 33, 56, 152
2008-04-02, 28, 61, 147
2008-04-03, 25, 56, 155
2008-04-04, 31, 68, 188
2008-04-05, 31, 56, 166
2008-04-06, 39, 68, 169
2008-04-07, 39, 79, 170
2008-04-08, 37, 71, 138
2008-04-09, 40, 66, 151
2008-04-10, 37, 65, 134
2008-04-11, 25, 83, 140
2008-04-12, 39, 83, 163
2008-04-13, 39, 77, 149
2008-04-14, 38, 62, 178
2008-04-15, 39, 67, 157
2008-04-16, 30, 65, 151
2008-04-17, 25, 73, 155
2008-04-18, 32, 57, 160
2008-04-19, 27, 63, 153
2008-04-20, 29, 82, 165
2008-04-21, 37, 70, 200
2008-04-22, 32, 63, 137
2008-04-23, 37, 63, 179
2008-04-24, 26, 41, 193
2008-04-25, 28, 77, 173
2008-04-26, 35, 66, 189
2008-04-27, 25, 57, 133
2008-04-28, 37, 75, 200
2008-04-29, 29, 52, 194
2008-04-30, 30, 63, 139
2008-05-01, 25, 56, 170
2008-05-02, 30, 40, 179
2008-05-03, 38, 72, 158
2008-05-04, 33, 85, 134
2008-05-05, 30, 70, 154
2008-05-06, 28, 45, 198
2008-05-07, 35, 49, 157
2008-05-08, 32, 52, 152
2008-05-09, 28, 73, 132
2008-05-10, 28, 68, 174
2008-05-11, 33, 46, 133
2008-05-12, 26, 61, 177
2008-05-13, 33, 63, 179
2008-05-14, 40, 61, 143
2008-05-15, 30, 62, 170
2008-05-16, 30, 74, 151
2008-05-17, 37, 64, 177
2008-05-18, 26, 81, 140
2008-05-19, 33, 49, 143
2008-05-20, 36, 80, 197
2008-05-21, 34, 69, 137
2008-05-22, 28, 47, 166
2008-05-23, 38, 56, 169
2008-05-24, 28, 50, 156
2008-05-25, 34, 78, 192
2008-05-26, 39, 75, 192
2008-05-27, 40, 43, 130
2008-05-28, 40, 46, 188
2008-05-29, 34, 54, 142
2008-05-30, 35, 53, 164
2008-05-31, 33, 60, 149
2008-06-01, 30, 50, 190
2008-06-02, 35, 60, 183
2008-06-03, 27, 79, 170
2008-06-04, 38, 67, 141
2008-06-05, 29, 44, 172
2008-06-06, 30, 76, 194
2008-06-07, 36, 59, 174
2008-06-08, 32, 48, 187
2008-06-09, 27, 61, 197
2008-06-10, 29, 48, 165
2008-06-11, 32, 63, 199
2008-06-12, 39, 60, 160
2008-06-13, 33, 69, 143
2008-06-14, 39, 42, 143
2008-06-15, 33, 44, 192
2008-06-16, 26, 78, 132
2008-06-17, 28, 40, 189
2008-06-18, 35, 78, 165
2008-06-19, 36, 50, 193
2008-06-20, 38, 85, 190
2008-06-21, 31, 78, 196
2008-06-22, 25, 46, 178
2008-06-23, 25, 79, 131
2008-06-24, 35, 72, 163
2008-06-25, 29, 44, 142
2008-06-26, 28, 47, 161
2008-06-27, 27, 43, 134
2008-06-28, 27, 50, 176
2008-06-29, 30, 85, 185
2008-06-30, 37, 65, 150
2008-07-01, 28, 71, 130
2008-07-02, 30, 42, 164
2008-07-03, 31, 78, 137
2008-07-04, 33, 45, 149
2008-07-05, 30, 65, 130
2008-07-06, 27, 51, 143
2008-07-07, 33, 64, 144
2008-07-08, 38, 75, 133
2008-07-09, 27, 85, 158
2008-07-10, 39, 67, 194
2008-07-11, 37, 46, 142
2008-07-12, 40, 45, 179
2008-07-13, 35, 74, 137
2008-07-14, 31, 82, 187
2008-07-15, 34, 49, 176
2008-07-16, 38, 73, 165
2008-07-17, 31, 43, 139
2008-07-18, 29, 68, 140
2008-07-19, 37, 81, 186
2008-07-20, 39, 63, 183
2008-07-21, 36, 72, 190
2008-07-22, 36, 82, 169
2008-07-23, 37, 52, 180
2008-07-24, 33, 45, 135
2008-07-25, 37, 74, 177
2008-07-26, 25, 80, 143
2008-07-27, 40, 49, 195
2008-07-28, 36, 42, 132
2008-07-29, 32, 57, 160
2008-07-30, 28, 78, 147
2008-07-31, 39, 58, 167
2008-08-01, 28, 66, 170
2008-08-02, 39, 74, 174
2008-08-03, 26, 49, 194
2008-08-04, 25, 64, 135
2008-08-05, 29, 69, 138
2008-08-06, 28, 68, 168
2008-08-07, 34, 55, 159
2008-08-08, 39, 44, 138
2008-08-09, 29, 41, 189
2008-08-10, 36, 85, 141
2008-08-11, 35, 54, 142
2008-08-12, 25, 70, 144
2008-08-13, 26, 74, 169
2008-08-14, 35, 79, 183
2008-08-15, 39, 77, 138
2008-08-16, 31, 61, 190
2008-08-17, 38, 50, 193
2008-08-18, 26, 55, 169
2008-08-19, 35, 62, 169
2008-08-20, 33, 50, 135
2008-08-21, 31, 70, 155
2008-08-22, 40, 65, 193
2008-08-23, 40, 82, 171
2008-08-24, 39, 54, 172
2008-08-25, 33, 53, 180
2008-08-26, 29, 61, 197
2008-08-27, 25, 48, 194
2008-08-28, 25, 81, 139
2008-08-29, 40, 83, 165
2008-08-30, 38, 76, 153
2008-08-31, 39, 83, 157
2009-04-01, 27, 62, 174
2009-04-02, 27, 51, 156
2009-04-03, 38, 77, 132
2009-04-04, 35, 54, 173
2009-04-05, 27, 72, 157
2009-04-06, 31, 68, 149
2009-04-07, 26, 43, 165
2009-04-08, 26, 44, 179
2009-04-09, 32, 84, 165
2009-04-10, 38, 49, 178
2009-04-11, 34, 78, 191
2009-04-12, 29, 64, 168
2009-04-13, 32, 42, 152
2009-04-14, 40, 51, 167
2009-04-15, 30, 59, 139
2009-04-16, 39, 44, 169
2009-04-17, 29, 60, 153
2009-04-18, 31, 70, 163
2009-04-19, 29, 77, 199
2009-04-20, 30, 67, 193
2009-04-21, 25, 50, 136
2009-04-22, 36, 85, 158
2009-04-23, 25, 43, 133
2009-04-24, 38, 63, 146
2009-04-25, 26, 61, 130
2009-04-26, 40, 69, 189
2009-04-27, 34, 70, 132
2009-04-28, 31, 80, 157
2009-04-29, 31, 42, 149
2009-04-30, 28, 69, 164
2009-05-01, 40, 81, 163
2009-05-02, 31, 58, 186
2009-05-03, 30, 64, 177
2009-05-04, 29, 76, 146
2009-05-05, 29, 46, 130
2009-05-06, 38, 78, 147
2009-05-07, 36, 75, 155
2009-05-08, 37, 64, 180
2009-05-09, 34, 40, 172
2009-05-10, 37, 70, 168
2009-05-11, 39, 60, 166
2009-05-12, 33, 63, 178
2009-05-13, 33, 84, 155
2009-05-14, 29, 55, 137
2009-05-15, 39, 82, 193
2009-05-16, 26, 49, 147
2009-05-17, 32, 44, 132
2009-05-18, 27, 81, 157
2009-05-19, 34, 58, 176
2009-05-20, 27, 73, 196
2009-05-21, 26, 49, 169
2009-05-22, 31, 77, 161
2009-05-23, 32, 66, 190
2009-05-24, 25, 62, 175
2009-05-25, 27, 58, 134
2009-05-26, 38, 72, 149
2009-05-27, 31, 63, 192
2009-05-28, 27, 77, 139
2009-05-29, 26, 71, 147
2009-05-30, 31, 46, 151
2009-05-31, 33, 83, 131
2009-06-01, 31, 64, 171
2009-06-02, 38, 82, 158
2009-06-03, 25, 48, 159
2009-06-04, 40, 81, 162
2009-06-05, 36, 80, 136
2009-06-06, 25, 80, 162
2009-06-07, 39, 42, 181
2009-06-08, 36, 43, 181
2009-06-09, 26, 74, 195
2009-06-10, 31, 41, 148
2009-06-11, 36, 62, 142
2009-06-12, 28, 68, 166
2009-06-13, 40, 73, 197
2009-06-14, 40, 41, 157
2009-06-15, 31, 49, 175
2009-06-16, 27, 74, 147
2009-06-17, 40, 80, 165
2009-06-18, 39, 44, 137
2009-06-19, 38, 78, 143
2009-06-20, 36, 69, 143
2009-06-21, 36, 81, 176
2009-06-22, 26, 57, 200
2009-06-23, 26, 52, 189
2009-06-24, 31, 62, 198
2009-06-25, 30, 74, 159
2009-06-26, 36, 74, 156
2009-06-27, 37, 81, 154
2009-06-28, 32, 44, 151
2009-06-29, 32, 84, 182
2009-06-30, 28, 45, 196
2009-07-01, 40, 62, 167
2009-07-02, 30, 53, 189
2009-07-03, 32, 49, 185
2009-07-04, 36, 49, 181
2009-07-05, 37, 64, 174
2009-07-06, 29, 63, 189
2009-07-07, 25, 81, 159
2009-07-08, 37, 60, 163
2009-07-09, 38, 40, 131
2009-07-10, 26, 71, 146
2009-07-11, 38, 82, 131
2009-07-12, 35, 84, 155
2009-07-13, 38, 58, 146
2009-07-14, 32, 66, 158
2009-07-15, 27, 67, 200
2009-07-16, 32, 47, 172
2009-07-17, 37, 42, 146
2009-07-18, 36, 71, 192
2009-07-19, 40, 79, 189
2009-07-20, 32, 78, 184
2009-07-21, 28, 53, 147
2009-07-22, 40, 59, 139
2009-07-23, 40, 42, 161
2009-07-24, 32, 71, 180
2009-07-25, 39, 69, 174
2009-07-26, 35, 81, 183
2009-07-27, 35, 45, 160
2009-07-28, 36, 66, 171
2009-07-29, 35, 70, 172
2009-07-30, 30, 60, 132
2009-07-31, 27, 43, 198
2009-08-01, 37, 85, 181
2009-08-02, 28, 71, 192
2009-08-03, 40, 51, 184
2009-08-04, 29, 70, 196
2009-08-05, 40, 76, 136
2009-08-06, 27, 52, 137
2009-08-07, 40, 75, 190
2009-08-08, 25, 72, 167
2009-08-09, 31, 40, 154
2009-08-10, 30, 78, 137
2009-08-11, 31, 46, 186
2009-08-12, 40, 79, 152
2009-08-13, 31, 84, 184
2009-08-14, 25, 65, 200
2009-08-15, 34, 55, 197
2009-08-16, 28, 50, 196
2009-08-17, 30, 71, 199
2009-08-18, 32, 49, 143
2009-08-19, 37, 57, 197
2009-08-20, 30, 70, 135
2009-08-21, 33, 79, 193
2009-08-22, 35, 54, 168
2009-08-23, 36, 82, 163
2009-08-24, 33, 45, 171
2009-08-25, 29, 72, 130
2009-08-26, 38, 71, 184
2009-08-27, 36, 65, 137
2009-08-28, 31, 74, 199
2009-08-29, 28, 40, 163
2009-08-30, 40, 76, 153
2009-08-31, 38, 42, 198
2010-04-01, 30, 75, 184
2010-04-02, 29, 49, 149
2010-04-03, 35, 45, 134
2010-04-04, 40, 69, 187
2010-04-05, 25, 61, 158
2010-04-06, 31, 58, 132
2010-04-07, 40, 80, 132
2010-04-08, 28, 57, 150
2010-04-09, 26, 54, 194
2010-04-10, 30, 58, 163
2010-04-11, 34, 43, 158
2010-04-12, 37, 78, 164
2010-04-13, 29, 63, 198
2010-04-14, 29, 56, 200
2010-04-15, 26, 83, 142
2010-04-16, 38, 84, 183
2010-04-17, 35, 58, 170
2010-04-18, 34, 40, 152
2010-04-19, 29, 62, 196
2010-04-20, 39, 63, 146
2010-04-21, 33, 81, 194
2010-04-22, 38, 67, 163
2010-04-23, 28, 64, 153
2010-04-24, 36, 63, 138
2010-04-25, 27, 72, 172
2010-04-26, 34, 70, 178
2010-04-27, 33, 66, 153
2010-04-28, 35, 80, 193
2010-04-29, 27, 56, 138
2010-04-30, 34, 47, 191
2010-05-01, 36, 72, 161
2010-05-02, 28, 46, 175
2010-05-03, 26, 53, 177
2010-05-04, 39, 78, 152
2010-05-05, 39, 55, 140
2010-05-06, 25, 66, 154
2010-05-07, 33, 61, 145
2010-05-08, 30, 85, 188
2010-05-09, 40, 73, 197
2010-05-10, 26, 82, 132
2010-05-11, 34, 62, 184
2010-05-12, 29, 71, 194
2010-05-13, 27, 70, 184
2010-05-14, 39, 65, 181
2010-05-15, 25, 83, 185
2010-05-16, 32, 74, 198
2010-05-17, 31, 55, 135
2010-05-18, 36, 74, 178
2010-05-19, 36, 64, 169
2010-05-20, 31, 60, 151
2010-05-21, 34, 79, 160
2010-05-22, 32, 85, 195
2010-05-23, 38, 66, 162
2010-05-24, 35, 46, 147
2010-05-25, 33, 47, 133
2010-05-26, 25, 69, 139
2010-05-27, 28, 79, 154
2010-05-28, 38, 77, 196
2010-05-29, 27, 50, 180
2010-05-30, 28, 81, 170
2010-05-31, 33, 64, 168
2010-06-01, 26, 80, 150
2010-06-02, 33, 57, 159
2010-06-03, 39, 81, 144
2010-06-04, 30, 70, 197
2010-06-05, 39, 53, 135
2010-06-06, 39, 64, 174
2010-06-07, 40, 75, 136
2010-06-08, 37, 74, 145
2010-06-09, 38, 41, 162
2010-06-10, 36, 49, 149
2010-06-11, 37, 74, 158
2010-06-12, 38, 58, 169
2010-06-13, 40, 44, 142
2010-06-14, 39, 71, 184
2010-06-15, 37, 84, 131
2010-06-16, 36, 53, 193
2010-06-17, 38, 69, 176
2010-06-18, 40, 51, 182
2010-06-19, 25, 70, 160
2010-06-20, 39, 70, 157
2010-06-21, 38, 76, 163
2010-06-22, 40, 43, 185
2010-06-23, 35, 51, 150
2010-06-24, 26, 47, 151
2010-06-25, 32, 74, 187
2010-06-26, 35, 79, 186
2010-06-27, 29, 63, 155
2010-06-28, 40, 83, 166
2010-06-29, 27, 52, 148
2010-06-30, 29, 51, 189
2010-07-01, 27, 51, 191
2010-07-02, 26, 69, 174
2010-07-03, 26, 79, 156
2010-07-04, 35, 41, 184
2010-07-05, 26, 73, 157
2010-07-06, 35, 56, 148
2010-07-07, 31, 65, 154
2010-07-08, 26, 55, 184
2010-07-09, 25, 64, 143
2010-07-10, 40, 82, 195
2010-07-11, 27, 83, 188
2010-07-12, 32, 53, 136
2010-07-13, 38, 51, 131
2010-07-14, 26, 78, 178
2010-07-15, 25, 41, 139
2010-07-16, 33, 66, 161
2010-07-17, 38, 61, 136
2010-07-18, 32, 68, 174
2010-07-19, 38, 41, 182
2010-07-20, 28, 65, 187
2010-07-21, 27, 71, 186
2010-07-22, 36, 43, 130
2010-07-23, 27, 56, 178
2010-07-24, 28, 64, 182
2010-07-25, 30, 65, 181
2010-07-26, 32, 72, 185
2010-07-27, 34, 49, 185
2010-07-28, 38, 41, 131
2010-07-29, 34, 64, 165
2010-07-30, 34, 72, 193
2010-07-31, 40, 43, 176
2010-08-01, 40, 40, 197
2010-08-02, 39, 77, 172
2010-08-03, 33, 48, 171
2010-08-04, 32, 70, 154
2010-08-05, 36, 62, 164
2010-08-06, 26, 40, 164
2010-08-07, 26, 63, 179
2010-08-08, 25, 66, 166
2010-08-09, 32, 58, 194
2010-08-10, 36, 60, 179
2010-08-11, 29, 68, 171
2010-08-12, 28, 73, 137
2010-08-13, 39, 85, 200
2010-08-14, 27, 47, 196
2010-08-15, 35, 64, 186
2010-08-16, 37, 44, 154
2010-08-17, 34, 76, 160
2010-08-18, 34, 44, 136
2010-08-19, 30, 43, 199
2010-08-20, 26, 85, 133
2010-08-21, 26, 54, 143
2010-08-22, 40, 55, 151
2010-08-23, 25, 81, 165
2010-08-24, 30, 60, 179
2010-08-25, 40, 68, 189
2010-08-26, 28, 54, 175
2010-08-27, 28, 53, 150
2010-08-28, 37, 67, 194
2010-08-29, 35, 82, 195
2010-08-30, 32, 73, 196
2010-08-31, 32, 43, 171
2011-04-01, 35, 69, 184
2011-04-02, 36, 42, 161
2011-04-03, 32, 45, 196
2011-04-04, 29, 77, 168
2011-04-05, 33, 79, 145
2011-04-06, 36, 40, 172
2011-04-07, 38, 45, 199
2011-04-08, 25, 67, 179
2011-04-09, 31, 43, 146
2011-04-10, 28, 77, 152
2011-04-11, 29, 63, 138
2011-04-12, 33, 84, 160
2011-04-13, 36, 49, 145
2011-04-14, 37, 82, 192
2011-04-15, 26, 51, 139
2011-04-16, 29, 59, 135
2011-04-17, 26, 64, 180
2011-04-18, 33, 48, 170
2011-04-19, 25, 51, 185
2011-04-20, 25, 62, 183
2011-04-21, 40, 81, 151
2011-04-22, 34, 85, 163
2011-04-23, 30, 77, 176
2011-04-24, 37, 77, 180
2011-04-25, 32, 80, 162
2011-04-26, 33, 50, 145
2011-04-27, 40, 80, 146
2011-04-28, 39, 76, 154
2011-04-29, 25, 56, 200
2011-04-30, 39, 66, 157
2011-05-01, 34, 74, 143
2011-05-02, 38, 83, 154
2011-05-03, 34, 80, 179
2011-05-04, 32, 70, 182
2011-05-05, 30, 68, 150
2011-05-06, 26, 57, 168
2011-05-07, 31, 65, 133
2011-05-08, 38, 76, 146
2011-05-09, 34, 51, 181
2011-05-10, 25, 50, 132
2011-05-11, 25, 73, 149
2011-05-12, 40, 59, 182
2011-05-13, 40, 70, 173
2011-05-14, 33, 47, 160
2011-05-15, 28, 76, 134
2011-05-16, 28, 49, 180
2011-05-17, 39, 58, 150
2011-05-18, 31, 48, 143
2011-05-19, 25, 72, 183
2011-05-20, 40, 55, 153
2011-05-21, 40, 71, 172
2011-05-22, 37, 67, 179
2011-05-23, 27, 59, 179
2011-05-24, 38, 56, 156
2011-05-25, 29, 58, 135
2011-05-26, 37, 42, 196
2011-05-27, 39, 51, 148
2011-05-28, 40, 53, 132
2011-05-29, 39, 56, 169
2011-05-30, 27, 64, 131
2011-05-31, 38, 68, 147
2011-06-01, 35, 84, 158
2011-06-02, 36, 49, 189
2011-06-03, 26, 64, 140
2011-06-04, 26, 73, 183
2011-06-05, 30, 80, 134
2011-06-06, 35, 66, 131
2011-06-07, 33, 62, 131
2011-06-08, 34, 67, 178
2011-06-09, 32, 81, 188
2011-06-10, 28, 80, 159
2011-06-11, 40, 72, 162
2011-06-12, 34, 67, 165
2011-06-13, 30, 64, 172
2011-06-14, 36, 50, 197
2011-06-15, 30, 83, 189
2011-06-16, 30, 53, 189
2011-06-17, 26, 61, 182
2011-06-18, 28, 66, 147
2011-06-19, 32, 67, 193
2011-06-20, 31, 81, 180
2011-06-21, 31, 49, 185
2011-06-22, 32, 45, 138
2011-06-23, 31, 82, 141
2011-06-24, 27, 65, 159
2011-06-25, 37, 56, 195
2011-06-26, 33, 45, 165
2011-06-27, 30, 65, 188
2011-06-28, 31, 45, 161
2011-06-29, 28, 60, 197
2011-06-30, 28, 43, 179
2011-07-01, 37, 84, 131
2011-07-02, 35, 59, 196
2011-07-03, 39, 85, 198
2011-07-04, 32, 70, 150
2011-07-05, 40, 61, 194
2011-07-06, 28, 50, 172
2011-07-07, 30, 61, 141
2011-07-08, 37, 67, 198
2011-07-09, 31, 83, 148
2011-07-10, 34, 66, 132
2011-07-11, 28, 48, 193
2011-07-12, 35, 66, 156
2011-07-13, 28, 59, 149
2011-07-14, 28, 71, 147
2011-07-15, 35, 68, 160
2011-07-16, 35, 59, 182
2011-07-17, 25, 73, 141
2011-07-18, 29, 62, 165
2011-07-19, 28, 77, 160
2011-07-20, 37, 81, 154
2011-07-21, 27, 71, 168
2011-07-22, 35, 74, 165
2011-07-23, 39, 57, 177
2011-07-24, 32, 84, 133
2011-07-25, 27, 73, 137
2011-07-26, 36, 58, 187
2011-07-27, 27, 79, 153
2011-07-28, 30, 74, 177
2011-07-29, 25, 44, 141
2011-07-30, 29, 55, 196
2011-07-31, 31, 62, 159
2011-08-01, 30, 48, 143
2011-08-02, 32, 47, 180
2011-08-03, 29, 63, 188
2011-08-04, 39, 45, 199
2011-08-05, 29, 42, 147
2011-08-06, 32, 50, 178
2011-08-07, 31, 44, 147
2011-08-08, 39, 60, 184
2011-08-09, 35, 44, 191
2011-08-10, 27, 80, 134
2011-08-11, 30, 50, 136
2011-08-12, 28, 84, 197
2011-08-13, 39, 48, 136
2011-08-14, 25, 63, 183
2011-08-15, 34, 47, 193
2011-08-16, 39, 46, 152
2011-08-17, 29, 41, 190
2011-08-18, 28, 57, 193
2011-08-19, 35, 50, 142
2011-08-20, 32, 84, 169
2011-08-21, 35, 77, 140
2011-08-22, 27, 44, 146
2011-08-23, 29, 46, 192
2011-08-24, 27, 49, 172
2011-08-25, 32, 48, 136
2011-08-26, 27, 47, 192
2011-08-27, 40, 61, 190
2011-08-28, 32, 55, 165
2011-08-29, 32, 46, 152
2011-08-30, 31, 80, 162
2011-08-31, 40, 74, 195
2012-04-01, 34, 53, 152
2012-04-02, 33, 71, 180
2012-04-03, 35, 53, 153
2012-04-04, 27, 71, 181
2012-04-05, 28, 60, 137
2012-04-06, 32, 70, 188
2012-04-07, 36, 51, 191
2012-04-08, 34, 42, 154
2012-04-09, 37, 69, 147
2012-04-10, 25, 54, 167
2012-04-11, 26, 84, 130
2012-04-12, 29, 52, 158
2012-04-13, 32, 64, 160
2012-04-14, 38, 71, 178
2012-04-15, 38, 74, 186
2012-04-16, 32, 47, 143
2012-04-17, 28, 68, 171
2012-04-18, 37, 62, 136
2012-04-19, 30, 50, 177
2012-04-20, 31, 59, 135
2012-04-21, 29, 81, 181
2012-04-22, 32, 71, 167
2012-04-23, 35, 54, 157
2012-04-24, 32, 49, 145
2012-04-25, 27, 70, 146
2012-04-26, 34, 61, 197
2012-04-27, 28, 59, 144
2012-04-28, 29, 62, 197
2012-04-29, 33, 45, 199
2012-04-30, 27, 45, 153
2012-05-01, 36, 55, 154
2012-05-02, 29, 42, 172
2012-05-03, 30, 53, 163
2012-05-04, 32, 44, 169
2012-05-05, 30, 81, 145
2012-05-06, 25, 52, 190
2012-05-07, 32, 81, 151
2012-05-08, 37, 68, 136
2012-05-09, 36, 65, 186
2012-05-10, 35, 42, 134
2012-05-11, 26, 44, 135
2012-05-12, 35, 76, 179
2012-05-13, 29, 68, 148
2012-05-14, 38, 82, 140
2012-05-15, 37, 50, 161
2012-05-16, 31, 69, 165
2012-05-17, 39, 81, 193
2012-05-18, 34, 76, 179
2012-05-19, 32, 69, 198
2012-05-20, 25, 83, 136
2012-05-21, 25, 43, 131
2012-05-22, 37, 45, 135
2012-05-23, 30, 56, 134
2012-05-24, 38, 55, 193
2012-05-25, 36, 60, 136
2012-05-26, 35, 62, 176
2012-05-27, 35, 57, 166
2012-05-28, 33, 66, 199
2012-05-29, 40, 58, 164
2012-05-30, 25, 41, 186
2012-05-31, 38, 55, 158
2012-06-01, 29, 44, 138
2012-06-02, 33, 62, 182
2012-06-03, 32, 53, 172
2012-06-04, 29, 71, 176
2012-06-05, 35, 84, 148
2012-06-06, 27, 81, 193
2012-06-07, 29, 56, 195
2012-06-08, 35, 71, 153
2012-06-09, 39, 63, 161
2012-06-10, 38, 65, 174
2012-06-11, 31, 71, 145
2012-06-12, 26, 85, 154
2012-06-13, 40, 80, 192
2012-06-14, 32, 62, 154
2012-06-15, 28, 53, 136
2012-06-16, 37, 79, 183
2012-06-17, 25, 68, 192
2012-06-18, 30, 76, 188
2012-06-19, 26, 42, 131
2012-06-20, 27, 64, 193
2012-06-21, 30, 44, 177
2012-06-22, 35, 59, 156
2012-06-23, 40, 69, 166
2012-06-24, 27, 78, 173
2012-06-25, 36, 64, 151
2012-06-26, 32, 44, 179
2012-06-27, 38, 41, 167
2012-06-28, 28, 68, 194
2012-06-29, 33, 85, 133
2012-06-30, 35, 57, 147
2012-07-01, 29, 63, 154
2012-07-02, 28, 62, 161
2012-07-03, 29, 63, 154
2012-07-04, 29, 45, 184
2012-07-05, 36, 59, 157
2012-07-06, 25, 56, 151
2012-07-07, 40, 48, 180
2012-07-08, 38, 40, 167
2012-07-09, 29, 63, 189
2012-07-10, 33, 48, 152
2012-07-11, 29, 56, 165
2012-07-12, 33, 62, 158
2012-07-13, 40, 53, 177
2012-07-14, 31, 49, 154
2012-07-15, 38, 43, 187
2012-07-16, 37, 74, 193
2012-07-17, 26, 62, 192
2012-07-18, 35, 50, 143
2012-07-19, 30, 66, 188
2012-07-20, 34, 60, 195
2012-07-21, 30, 66, 164
2012-07-22, 31, 40, 165
2012-07-23, 28, 40, 157
2012-07-24, 37, 76, 177
2012-07-25, 28, 77, 162
2012-07-26, 28, 82, 165
2012-07-27, 33, 59, 140
2012-07-28, 32, 41, 181
2012-07-29, 35, 41, 163
2012-07-30, 32, 76, 166
2012-07-31, 25, 62, 187
2012-08-01, 29, 59, 193
2012-08-02, 35, 40, 154
2012-08-03, 29, 67, 181
2012-08-04, 29, 49, 180
2012-08-05, 35, 55, 188
2012-08-06, 25, 54, 137
2012-08-07, 26, 52, 150
2012-08-08, 32, 73, 184
2012-08-09, 39, 41, 135
2012-08-10, 37, 60, 141
2012-08-11, 37, 76, 147
2012-08-12, 30, 83, 145
2012-08-13, 32, 54, 182
2012-08-14, 29, 47, 137
2012-08-15, 35, 60, 177
2012-08-16, 32, 54, 186
2012-08-17, 38, 62, 142
2012-08-18, 30, 42, 143
2012-08-19, 30, 43, 199
2012-08-20, 38, 52, 157
2012-08-21, 38, 50, 138
2012-08-22, 29, 71, 163
2012-08-23, 27, 77, 178
2012-08-24, 25, 68, 133
2012-08-25, 36, 67, 190
2012-08-26, 33, 51, 194
2012-08-27, 27, 42, 133
2012-08-28, 31, 41, 193
2012-08-29, 34, 57, 184
2012-08-30, 26, 70, 184
2012-08-31, 38, 50, 162
2013-04-01, 30, 64, 165
2013-04-02, 37, 54, 174
2013-04-03, 34, 42, 162
2013-04-04, 34, 56, 130
2013-04-05, 35, 58, 169
2013-04-06, 34, 68, 178
2013-04-07, 31, 84, 198
2013-04-08, 32, 85, 153
2013-04-09, 25, 82, 193
2013-04-10, 34, 64, 178
2013-04-11, 28, 58, 143
2013-04-12, 26, 49, 134
2013-04-13, 38, 54, 140
2013-04-14, 27, 75, 145
2013-04-15, 34, 49, 192
2013-04-16, 34, 67, 181
2013-04-17, 34, 71, 152
2013-04-18, 40, 65, 198
2013-04-19, 32, 61, 199
2013-04-20, 30, 73, 132
2013-04-21, 28, 71, 193
2013-04-22, 27, 47, 165
2013-04-23, 38, 46, 162
2013-04-24, 25, 75, 174
2013-04-25, 30, 66, 150
2013-04-26, 38, 51, 191
2013-04-27, 29, 61, 141
2013-04-28, 35, 65, 166
2013-04-29, 27, 43, 191
2013-04-30, 26, 55, 154
2013-05-01, 34, 84, 136
2013-05-02, 33, 85, 158
2013-05-03, 35, 46, 156
2013-05-04, 29, 43, 138
2013-05-05, 37, 50, 181
2013-05-06, 37, 84, 134
2013-05-07, 28, 40, 151
2013-05-08, 29, 84, 190
2013-05-09, 26, 60, 196
2013-05-10, 33, 46, 163
2013-05-11, 34, 73, 146
2013-05-12, 29, 51, 158
2013-05-13, 30, 68, 133
2013-05-14, 25, 68, 144
2013-05-15, 33, 63, 174
2013-05-16, 30, 63, 181
2013-05-17, 37, 72, 197
2013-05-18, 35, 63, 130
2013-05-19, 40, 69, 162
2013-05-20, 31, 46, 171
2013-05-21, 35, 71, 189
2013-05-22, 26, 43, 189
2013-05-23, 25, 58, 162
2013-05-24, 34, 65, 133
2013-05-25, 27, 40, 164
2013-05-26, 37, 54, 136
2013-05-27, 28, 66, 186
2013-05-28, 31, 55, 131
2013-05-29, 37, 46, 160
2013-05-30, 39, 65, 152
2013-05-31, 38, 67, 135
2013-06-01, 33, 79, 145
2013-06-02, 32, 55, 188
2013-06-03, 33, 44, 194
2013-06-04, 31, 59, 133
2013-06-05, 33, 52, 171
2013-06-06, 40, 49, 158
2013-06-07, 26, 75, 139
2013-06-08, 38, 46, 156
2013-06-09, 28, 45, 146
2013-06-10, 38, 52, 154
2013-06-11, 38, 63, 154
2013-06-12, 25, 76, 171
2013-06-13, 37, 47, 165
2013-06-14, 40, 50, 191
2013-06-15, 32, 64, 146
2013-06-16, 29, 75, 196
2013-06-17, 39, 48, 177
2013-06-18, 28, 40, 153
2013-06-19, 33, 83, 188
2013-06-20, 38, 69, 189
2013-06-21, 28, 44, 164
2013-06-22, 29, 58, 196
2013-06-23, 36, 74, 136
2013-06-24, 38, 70, 188
2013-06-25, 30, 56, 176
2013-06-26, 34, 60, 132
2013-06-27, 38, 56, 175
2013-06-28, 40, 73, 164
2013-06-29, 33, 71, 179
2013-06-30, 28, 63, 171
2013-07-01, 26, 67, 154
2013-07-02, 29, 79, 137
2013-07-03, 35, 78, 164
2013-07-04, 35, 65, 150
2013-07-05, 25, 71, 153
2013-07-06, 33, 71, 177
2013-07-07, 28, 43, 146
2013-07-08, 37, 70, 180
2013-07-09, 34, 47, 195
2013-07-10, 30, 57, 154
2013-07-11, 40, 48, 182
2013-07-12, 30, 50, 195
2013-07-13, 28, 45, 158
2013-07-14, 29, 40, 158
2013-07-15, 33, 41, 175
2013-07-16, 31, 72, 165
2013-07-17, 33, 44, 184
2013-07-18, 40, 47, 145
2013-07-19, 35, 61, 173
2013-07-20, 30, 58, 187
2013-07-21, 33, 54, 174
2013-07-22, 32, 41, 198
2013-07-23, 30, 83, 170
2013-07-24, 31, 55, 164
2013-07-25, 33, 53, 187
2013-07-26, 30, 76, 200
2013-07-27, 35, 49, 167
2013-07-28, 40, 51, 188
2013-07-29, 36, 72, 142
2013-07-30, 28, 61, 134
2013-07-31, 38, 85, 163
2013-08-01, 29, 71, 191
2013-08-02, 34, 71, 183
2013-08-03, 34, 77, 194
2013-08-04, 32, 41, 173
2013-08-05, 39, 65, 141
2013-08-06, 39, 83, 151
2013-08-07, 28, 74, 148
2013-08-08, 37, 71, 193
2013-08-09, 30, 62, 171
2013-08-10, 34, 68, 153
2013-08-11, 33, 48, 190
2013-08-12, 32, 79, 169
2013-08-13, 36, 53, 133
2013-08-14, 25, 54, 156
2013-08-15, 34, 61, 185
2013-08-16, 27, 69, 152
2013-08-17, 26, 73, 162
2013-08-18, 36, 63, 154
2013-08-19, 31, 80, 198
2013-08-20, 25, 82, 168
2013-08-21, 25, 72, 178
2013-08-22, 32, 68, 184
2013-08-23, 27, 42, 172
2013-08-24, 28, 51, 132
2013-08-25, 32, 69, 150
2013-08-26, 37, 52, 134
2013-08-27, 29, 53, 199
2013-08-28, 31, 68, 189
2013-08-29, 27, 85, 130
2013-08-30, 35, 43, 130
2013-08-31, 30, 65, 160
2014-04-01, 30, 81, 186
2014-04-02, 25, 63, 172
2014-04-03, 36, 61, 133
2014-04-04, 35, 60, 197
2014-04-05, 34, 45, 187
2014-04-06, 37, 84, 189
2014-04-07, 30, 65, 145
2014-04-08, 33, 42, 174
2014-04-09, 36, 74, 131
2014-04-10, 33, 57, 163
2014-04-11, 29, 57, 149
2014-04-12, 31, 59, 191
2014-04-13, 30, 78, 195
2014-04-14, 37, 40, 167
2014-04-15, 38, 51, 153
2014-04-16, 32, 81, 162
2014-04-17, 34, 47, 170
2014-04-18, 28, 76, 185
2014-04-19, 35, 52, 166
2014-04-20, 25, 40, 166
2014-04-21, 26, 83, 172
2014-04-22, 33, 44, 174
2014-04-23, 27, 62, 198
2014-04-24, 30, 42, 165
2014-04-25, 31, 56, 148
2014-04-26, 27, 47, 151
2014-04-27, 37, 62, 184
2014-04-28, 25, 54, 178
2014-04-29, 37, 76, 145
2014-04-30, 40, 79, 159
2014-05-01, 37, 78, 153
2014-05-02, 39, 84, 171
2014-05-03, 26, 80, 198
2014-05-04, 32, 85, 168
2014-05-05, 28, 43, 178
2014-05-06, 39, 69, 158
2014-05-07, 30, 54, 178
2014-05-08, 26, 71, 163
2014-05-09, 38, 71, 156
2014-05-10, 26, 80, 179
2014-05-11, 36, 65, 166
2014-05-12, 28, 76, 179
2014-05-13, 38, 64, 198
2014-05-14, 39, 73, 140
2014-05-15, 29, 83, 136
2014-05-16, 26, 44, 185
2014-05-17, 32, 74, 177
2014-05-18, 25, 43, 143
2014-05-19, 37, 68, 174
2014-05-20, 31, 53, 183
2014-05-21, 29, 85, 148
2014-05-22, 31, 76, 165
2014-05-23, 30, 78, 145
2014-05-24, 37, 77, 130
2014-05-25, 33, 43, 187
2014-05-26, 36, 76, 132
2014-05-27, 27, 65, 167
2014-05-28, 27, 57, 175
2014-05-29, 26, 47, 171
2014-05-30, 32, 50, 146
2014-05-31, 40, 42, 133
2014-06-01, 26, 84, 139
2014-06-02, 32, 49, 193
2014-06-03, 32, 40, 188
2014-06-04, 35, 60, 185
2014-06-05, 38, 55, 180
2014-06-06, 34, 45, 151
2014-06-07, 27, 79, 163
2014-06-08, 28, 59, 164
2014-06-09, 30, 82, 130
2014-06-10, 34, 72, 131
2014-06-11, 37, 68, 175
2014-06-12, 25, 61, 200
2014-06-13, 30, 59, 144
2014-06-14, 25, 47, 181
2014-06-15, 38, 63, 147
2014-06-16, 33, 55, 186
2014-06-17, 40, 58, 144
2014-06-18, 35, 66, 166
2014-06-19, 34, 63, 188
2014-06-20, 31, 66, 154
2014-06-21, 39, 73, 179
2014-06-22, 35, 59, 199
2014-06-23, 36, 78, 135
2014-06-24, 40, 51, 173
2014-06-25, 25, 67, 149
2014-06-26, 27, 60, 166
2014-06-27, 30, 65, 151
2014-06-28, 29, 51, 177
2014-06-29, 36, 82, 197
2014-06-30, 26, 47, 147
2014-07-01, 25, 54, 187
2014-07-02, 37, 43, 153
2014-07-03, 28, 80, 188
2014-07-04, 40, 47, 183
2014-07-05, 27, 71, 145
2014-07-06, 29, 73, 193
2014-07-07, 27, 47, 131
2014-07-08, 37, 81, 136
2014-07-09, 40, 68, 142
2014-07-10, 25, 81, 191
2014-07-11, 30, 72, 171
2014-07-12, 26, 84, 134
2014-07-13, 31, 77, 185
2014-07-14, 38, 83, 150
2014-07-15, 38, 50, 178
2014-07-16, 26, 68, 185
2014-07-17, 37, 42, 143
2014-07-18, 26, 40, 154
2014-07-19, 31, 73, 161
2014-07-20, 34, 50, 188
2014-07-21, 39, 42, 190
2014-07-22, 34, 81, 134
2014-07-23, 39, 50, 174
2014-07-24, 37, 79, 148
2014-07-25, 34, 52, 145
2014-07-26, 39, 49, 185
2014-07-27, 37, 59, 200
2014-07-28, 34, 41, 164
2014-07-29, 26, 65, 174
2014-07-30, 29, 71, 174
2014-07-31, 35, 44, 139
2014-08-01, 36, 71, 186
2014-08-02, 29, 79, 130
2014-08-03, 37, 61, 179
2014-08-04, 28, 58, 163
2014-08-05, 34, 65, 149
2014-08-06, 25, 84, 139
2014-08-07, 38, 56, 163
2014-08-08, 33, 58, 138
2014-08-09, 33, 84, 145
2014-08-10, 27, 75, 146
2014-08-11, 38, 68, 165
2014-08-12, 31, 41, 199
2014-08-13, 37, 45, 138
2014-08-14, 28, 80, 198
2014-08-15, 40, 62, 146
2014-08-16, 28, 76, 141
2014-08-17, 33, 58, 167
2014-08-18, 32, 47, 139
2014-08-19, 39, 67, 141
2014-08-20, 33, 75, 161
2014-08-21, 38, 42, 179
2014-08-22, 31, 84, 167
2014-08-23, 33, 79, 185
2014-08-24, 36, 60, 147
2014-08-25, 29, 56, 148
2014-08-26, 37, 50, 192
2014-08-27, 34, 53, 184
2014-08-28, 30, 75, 190
2014-08-29, 35, 58, 152
2014-08-30, 25, 54, 196
2014-08-31, 40, 79, 166
2015-04-01, 33, 60, 171
2015-04-02, 26, 59, 162
2015-04-03, 33, 54, 135
2015-04-04, 35, 84, 162
2015-04-05, 38, 76, 191
2015-04-06, 32, 78, 197
2015-04-07, 39, 43, 178
2015-04-08, 31, 46, 156
2015-04-09, 35, 67, 175
2015-04-10, 37, 40, 181
2015-04-11, 34, 83, 190
2015-04-12, 26, 64, 196
2015-04-13, 28, 70, 162
2015-04-14, 35, 43, 197
2015-04-15, 37, 82, 168
2015-04-16, 34, 65, 158
2015-04-17, 27, 84, 146
2015-04-18, 35, 83, 144
2015-04-19, 37, 71, 157
2015-04-20, 37, 82, 167
2015-04-21, 25, 83, 194
2015-04-22, 32, 77, 172
2015-04-23, 37, 81, 143
2015-04-24, 25, 75, 184
2015-04-25, 38, 50, 167
2015-04-26, 28, 79, 193
2015-04-27, 32, 69, 150
2015-04-28, 30, 66, 163
2015-04-29, 27, 81, 180
2015-04-30, 38, 57, 160
2015-05-01, 31, 43, 191
2015-05-02, 29, 55, 198
2015-05-03, 30, 80, 175
2015-05-04, 28, 67, 141
2015-05-05, 32, 82, 177
2015-05-06, 26, 52, 184
2015-05-07, 28, 66, 180
2015-05-08, 26, 52, 180
2015-05-09, 40, 74, 134
2015-05-10, 27, 76, 192
2015-05-11, 29, 51, 161
2015-05-12, 25, 47, 195
2015-05-13, 27, 54, 170
2015-05-14, 38, 56, 161
2015-05-15, 28, 40, 182
2015-05-16, 35, 69, 176
2015-05-17, 40, 80, 193
2015-05-18, 33, 43, 143
2015-05-19, 33, 52, 144
2015-05-20, 28, 43, 149
2015-05-21, 28, 48, 163
2015-05-22, 38, 84, 193
2015-05-23, 25, 46, 183
2015-05-24, 40, 67, 189
2015-05-25, 39, 60, 160
2015-05-26, 32, 82, 177
2015-05-27, 39, 72, 169
2015-05-28, 32, 58, 168
2015-05-29, 33, 76, 185
2015-05-30, 39, 85, 140
2015-05-31, 40, 79, 179
2015-06-01, 32, 70, 172
2015-06-02, 38, 56, 130
2015-06-03, 33, 54, 197
2015-06-04, 37, 45, 195
2015-06-05, 40, 54, 147
2015-06-06, 25, 56, 181
2015-06-07, 31, 69, 140
2015-06-08, 26, 58, 145
2015-06-09, 26, 59, 192
2015-06-10, 34, 43, 177
2015-06-11, 39, 54, 196
2015-06-12, 28, 54, 132
2015-06-13, 37, 48, 175
2015-06-14, 38, 75, 149
2015-06-15, 28, 84, 184
2015-06-16, 28, 78, 157
2015-06-17, 33, 54, 200
2015-06-18, 36, 61, 178
2015-06-19, 33, 81, 145
2015-06-20, 34, 54, 153
2015-06-21, 35, 46, 199
2015-06-22, 40, 68, 178
2015-06-23, 33, 67, 145
2015-06-24, 28, 54, 139
2015-06-25, 36, 77, 167
2015-06-26, 28, 42, 173
2015-06-27, 38, 40, 141
2015-06-28, 38, 60, 178
2015-06-29, 40, 68, 188
2015-06-30, 39, 41, 168
2015-07-01, 28, 76, 158
2015-07-02, 27, 83, 194
2015-07-03, 31, 74, 199
2015-07-04, 27, 41, 142
2015-07-05, 28, 76, 155
2015-07-06, 37, 74, 184
2015-07-07, 31, 43, 171
2015-07-08, 26, 66, 165
2015-07-09, 35, 66, 160
2015-07-10, 32, 82, 133
2015-07-11, 29, 46, 164
2015-07-12, 28, 53, 173
2015-07-13, 40, 72, 191
2015-07-14, 25, 62, 185
2015-07-15, 32, 81, 190
2015-07-16, 31, 46, 183
2015-07-17, 37, 64, 200
2015-07-18, 25, 75, 189
2015-07-19, 30, 40, 137
2015-07-20, 29, 49, 161
2015-07-21, 26, 66, 162
2015-07-22, 37, 45, 170
2015-07-23, 25, 75, 186
2015-07-24, 38, 43, 198
2015-07-25, 35, 42, 193
2015-07-26, 34, 78, 196
2015-07-27, 36, 52, 162
2015-07-28, 40, 66, 181
2015-07-29, 37, 64, 149
2015-07-30, 28, 75, 153
2015-07-31, 26, 68, 150
2015-08-01, 38, 51, 199
2015-08-02, 35, 40, 136
2015-08-03, 32, 43, 166
2015-08-04, 26, 56, 134
2015-08-05, 37, 50, 196
2015-08-06, 35, 43, 189
2015-08-07, 35, 66, 137
2015-08-08, 34, 73, 198
2015-08-09, 37, 48, 155
2015-08-10, 40, 64, 163
2015-08-11, 33, 52, 162
2015-08-12, 25, 57, 153
2015-08-13, 30, 63, 192
2015-08-14, 38, 60, 188
2015-08-15, 27, 75, 162
2015-08-16, 36, 58, 148
2015-08-17, 28, 67, 165
2015-08-18, 29, 81, 195
2015-08-19, 30, 63, 151
2015-08-20, 40, 48, 186
2015-08-21, 32, 42, 152
2015-08-22, 34, 42, 173
2015-08-23, 37, 53, 199
2015-08-24, 26, 79, 180
2015-08-25, 25, 52, 138
2015-08-26, 26, 54, 184
2015-08-27, 35, 58, 149
2015-08-28, 31, 61, 190
2015-08-29, 32, 81, 154
2015-08-30, 32, 58, 183
2015-08-31, 38, 84, 177
2016-04-01, 35, 81, 154
2016-04-02, 38, 58, 130
2016-04-03, 31, 71, 145
2016-04-04, 38, 41, 160
2016-04-05, 32, 84, 165
2016-04-06, 27, 62, 190
2016-04-07, 26, 46, 198
2016-04-08, 27, 41, 179
2016-04-09, 38, 47, 200
2016-04-10, 32, 80, 180
2016-04-11, 40, 62, 194
2016-04-12, 30, 75, 175
2016-04-13, 28, 45, 169
2016-04-14, 29, 51, 173
2016-04-15, 36, 70, 148
2016-04-16, 33, 54, 169
2016-04-17, 34, 56, 199
2016-04-18, 37, 45, 174
2016-04-19, 27, 71, 198
2016-04-20, 31, 83, 174
2016-04-21, 36, 43, 138
2016-04-22, 38, 68, 143
2016-04-23, 25, 42, 188
2016-04-24, 35, 62, 167
2016-04-25, 32, 78, 163
2016-04-26, 35, 85, 148
2016-04-27, 27, 54, 199
2016-04-28, 26, 78, 179
2016-04-29, 32, 50, 187
2016-04-30, 27, 65, 160
2016-05-01, 25, 53, 151
2016-05-02, 33, 51, 190
2016-05-03, 40, 54, 170
2016-05-04, 34, 52, 179
2016-05-05, 40, 47, 150
2016-05-06, 40, 73, 193
2016-05-07, 36, 48, 153
2016-05-08, 32, 78, 156
2016-05-09, 33, 40, 131
2016-05-10, 34, 75, 183
2016-05-11, 29, 67, 131
2016-05-12, 36, 80, 188
2016-05-13, 27, 41, 142
2016-05-14, 31, 50, 149
2016-05-15, 37, 82, 181
2016-05-16, 30, 45, 169
2016-05-17, 36, 75, 182
2016-05-18, 30, 78, 132
2016-05-19, 25, 68, 170
2016-05-20, 25, 72, 158
2016-05-21, 40, 60, 149
2016-05-22, 38, 57, 155
2016-05-23, 32, 77, 143
2016-05-24, 27, 75, 197
2016-05-25, 36, 51, 183
2016-05-26, 37, 81, 139
2016-05-27, 32, 45, 158
2016-05-28, 37, 48, 188
2016-05-29, 36, 56, 132
2016-05-30, 25, 54, 183
2016-05-31, 34, 66, 187
2016-06-01, 33, 67, 186
2016-06-02, 27, 84, 144
2016-06-03, 35, 53, 182
2016-06-04, 31, 65, 155
2016-06-05, 32, 66, 179
2016-06-06, 35, 73, 137
2016-06-07, 29, 57, 141
2016-06-08, 27, 82, 166
2016-06-09, 35, 53, 149
2016-06-10, 25, 80, 200
2016-06-11, 26, 56, 171
2016-06-12, 38, 82, 152
2016-06-13, 35, 72, 131
2016-06-14, 31, 59, 130
2016-06-15, 34, 43, 175
2016-06-16, 33, 52, 188
2016-06-17, 26, 64, 172
2016-06-18, 38, 55, 150
2016-06-19, 30, 43, 156
2016-06-20, 25, 42, 159
2016-06-21, 31, 56, 192
2016-06-22, 32, 84, 168
2016-06-23, 38, 85, 178
2016-06-24, 36, 83, 156
2016-06-25, 35, 82, 131
2016-06-26, 27, 77, 173
2016-06-27, 26, 40, 187
2016-06-28, 31, 51, 131
2016-06-29, 33, 84, 155
2016-06-30, 33, 75, 167
2016-07-01, 35, 68, 200
2016-07-02, 30, 57, 141
2016-07-03, 40, 76, 170
2016-07-04, 39, 64, 145
2016-07-05, 37, 54, 200
2016-07-06, 26, 84, 131
2016-07-07, 31, 84, 197
2016-07-08, 25, 67, 161
2016-07-09, 30, 59, 170
2016-07-10, 33, 79, 192
2016-07-11, 39, 48, 178
2016-07-12, 38, 71, 190
2016-07-13, 28, 42, 173
2016-07-14, 40, 83, 193
2016-07-15, 33, 77, 147
2016-07-16, 27, 81, 196
2016-07-17, 40, 81, 182
2016-07-18, 39, 70, 135
2016-07-19, 36, 70, 150
2016-07-20, 25, 62, 138
2016-07-21, 37, 76, 147
2016-07-22, 30, 43, 141
2016-07-23, 28, 53, 175
2016-07-24, 36, 77, 152
2016-07-25, 32, 62, 159
2016-07-26, 26, 62, 169
2016-07-27, 31, 45, 165
2016-07-28, 27, 52, 168
2016-07-29, 37, 61, 135
2016-07-30, 26, 52, 130
2016-07-31, 39, 68, 153
2016-08-01, 38, 46, 187
2016-08-02, 25, 79, 179
2016-08-03, 34, 56, 167
2016-08-04, 32, 40, 194
2016-08-05, 30, 50, 160
2016-08-06, 40, 40, 145
2016-08-07, 26, 83, 153
2016-08-08, 39, 76, 151
2016-08-09, 29, 81, 139
2016-08-10, 37, 81, 132
2016-08-11, 35, 79, 155
2016-08-12, 33, 51, 192
2016-08-13, 36, 71, 154
2016-08-14, 29, 72, 159
2016-08-15, 26, 82, 132
2016-08-16, 36, 48, 134
2016-08-17, 28, 52, 163
2016-08-18, 31, 82, 135
2016-08-19, 30, 56, 180
2016-08-20, 30, 41, 177
2016-08-21, 30, 60, 181
2016-08-22, 27, 55, 135
2016-08-23, 30, 56, 169
2016-08-24, 39, 76, 153
2016-08-25, 40, 76, 169
2016-08-26, 27, 82, 131
2016-08-27, 26, 47, 140
2016-08-28, 40, 41, 163
2016-08-29, 37, 85, 196
2016-08-30, 35, 49, 139
2016-08-31, 32, 44, 172
2017-04-01, 27, 60, 151
2017-04-02, 26, 50, 132
2017-04-03, 27, 80, 199
2017-04-04, 29, 76, 180
2017-04-05, 33, 67, 173
2017-04-06, 35, 65, 155
2017-04-07, 31, 62, 158
2017-04-08, 28, 68, 139
2017-04-09, 29, 55, 153
2017-04-10, 39, 55, 189
2017-04-11, 34, 66, 147
2017-04-12, 26, 51, 144
2017-04-13, 29, 76, 195
2017-04-14, 30, 58, 164
2017-04-15, 32, 67, 180
2017-04-16, 34, 54, 185
2017-04-17, 27, 85, 153
2017-04-18, 27, 46, 183
2017-04-19, 36, 70, 152
2017-04-20, 25, 41, 189
2017-04-21, 39, 51, 153
2017-04-22, 26, 78, 137
2017-04-23, 36, 48, 197
2017-04-24, 27, 63, 169
2017-04-25, 32, 58, 164
2017-04-26, 36, 79, 193
2017-04-27, 34, 49, 147
2017-04-28, 38, 50, 192
2017-04-29, 28, 44, 183
2017-04-30, 28, 70, 167
2017-05-01, 30, 59, 135
2017-05-02, 36, 44, 132
2017-05-03, 32, 76, 154
2017-05-04, 30, 72, 194
2017-05-05, 26, 74, 160
2017-05-06, 27, 51, 156
2017-05-07, 40, 52, 131
2017-05-08, 37, 43, 180
2017-05-09, 31, 44, 145
2017-05-10, 29, 72, 194
2017-05-11, 32, 59, 179
2017-05-12, 33, 85, 155
2017-05-13, 31, 85, 142
2017-05-14, 27, 55, 178
2017-05-15, 37, 71, 180
2017-05-16, 38, 55, 181
2017-05-17, 25, 73, 194
2017-05-18, 40, 70, 164
2017-05-19, 38, 79, 192
2017-05-20, 38, 59, 132
2017-05-21, 39, 51, 179
2017-05-22, 33, 40, 145
2017-05-23, 29, 79, 159
2017-05-24, 39, 80, 154
2017-05-25, 37, 63, 132
2017-05-26, 36, 82, 175
2017-05-27, 30, 70, 143
2017-05-28, 30, 41, 172
2017-05-29, 36, 50, 144
2017-05-30, 36, 48, 195
2017-05-31, 36, 77, 193
2017-06-01, 30, 59, 166
2017-06-02, 29, 82, 191
2017-06-03, 35, 74, 186
2017-06-04, 26, 67, 172
2017-06-05, 35, 57, 156
2017-06-06, 34, 69, 166
2017-06-07, 36, 80, 135
2017-06-08, 38, 80, 136
2017-06-09, 31, 69, 139
2017-06-10, 35, 73, 152
2017-06-11, 34, 53, 149
2017-06-12, 38, 45, 194
2017-06-13, 39, 48, 136
2017-06-14, 29, 83, 182
2017-06-15, 28, 81, 158
2017-06-16, 30, 48, 131
2017-06-17, 33, 63, 159
2017-06-18, 28, 59, 138
2017-06-19, 38, 47, 173
2017-06-20, 38, 73, 198
2017-06-21, 37, 79, 149
2017-06-22, 39, 40, 130
2017-06-23, 34, 50, 189
2017-06-24, 39, 68, 178
2017-06-25, 36, 76, 165
2017-06-26, 29, 63, 166
2017-06-27, 36, 58, 150
2017-06-28, 36, 59, 195
2017-06-29, 31, 64, 164
2017-06-30, 37, 43, 153
2017-07-01, 27, 54, 162
2017-07-02, 38, 71, 183
2017-07-03, 32, 72, 200
2017-07-04, 35, 84, 169
2017-07-05, 26, 68, 190
2017-07-06, 34, 78, 179
2017-07-07, 31, 82, 143
2017-07-08, 37, 75, 171
2017-07-09, 39, 83, 161
2017-07-10, 25, 73, 183
2017-07-11, 36, 49, 185
2017-07-12, 37, 78, 183
2017-07-13, 28, 50, 152
2017-07-14, 25, 78, 158
2017-07-15, 31, 54, 184
2017-07-16, 34, 63, 191
2017-07-17, 31, 75, 141
2017-07-18, 37, 58, 164
2017-07-19, 34, 76, 140
2017-07-20, 32, 65, 134
2017-07-21, 35, 70, 157
2017-07-22, 32, 73, 180
2017-07-23, 32, 47, 157
2017-07-24, 26, 65, 162
2017-07-25, 31, 76, 179
2017-07-26, 34, 55, 186
2017-07-27, 28, 83, 156
2017-07-28, 35, 48, 184
2017-07-29, 36, 53, 158
2017-07-30, 38, 67, 181
2017-07-31, 40, 80, 139
2017-08-01, 37, 60, 197
2017-08-02, 40, 64, 141
2017-08-03, 32, 45, 148
2017-08-04, 28, 68, 156
2017-08-05, 39, 46, 135
2017-08-06, 32, 51, 183
2017-08-07, 34, 53, 193
2017-08-08, 26, 56, 187
2017-08-09, 27, 62, 185
2017-08-10, 31, 78, 141
2017-08-11, 35, 59, 159
2017-08-12, 38, 79, 200
2017-08-13, 27, 77, 172
2017-08-14, 36, 44, 180
2017-08-15, 28, 82, 194
2017-08-16, 38, 47, 146
2017-08-17, 40, 40, 195
2017-08-18, 31, 50, 156
2017-08-19, 40, 53, 200
2017-08-20, 30, 51, 193
2017-08-21, 29, 81, 179
2017-08-22, 33, 40, 173
2017-08-23, 36, 48, 147
2017-08-24, 37, 77, 145
2017-08-25, 30, 57, 173
2017-08-26, 35, 59, 154
2017-08-27, 33, 66, 189
2017-08-28, 32, 57, 175
2017-08-29, 30, 60, 132
2017-08-30, 34, 49, 133
2017-08-31, 34, 47, 150
2018-04-01, 36, 77, 158
2018-04-02, 29, 62, 192
2018-04-03, 34, 66, 133
2018-04-04, 40, 65, 132
2018-04-05, 31, 60, 155
2018-04-06, 28, 69, 137
2018-04-07, 29, 41, 149
2018-04-08, 35, 62, 153
2018-04-09, 28, 48, 161
2018-04-10, 36, 62, 153
2018-04-11, 30, 76, 186
2018-04-12, 35, 63, 131
2018-04-13, 27, 55, 198
2018-04-14, 39, 71, 176
2018-04-15, 39, 65, 152
2018-04-16, 29, 84, 151
2018-04-17, 36, 80, 150
2018-04-18, 32, 80, 174
2018-04-19, 34, 49, 158
2018-04-20, 29, 84, 169
2018-04-21, 34, 45, 191
2018-04-22, 36, 81, 181
2018-04-23, 36, 60, 180
2018-04-24, 31, 43, 177
2018-04-25, 27, 69, 195
2018-04-26, 32, 85, 184
2018-04-27, 25, 72, 157
2018-04-28, 34, 43, 154
2018-04-29, 31, 46, 147
2018-04-30, 33, 82, 165
2018-05-01, 37, 41, 173
2018-05-02, 27, 61, 162
2018-05-03, 31, 77, 148
2018-05-04, 26, 59, 142
2018-05-05, 38, 70, 151
2018-05-06, 31, 46, 190
2018-05-07, 28, 44, 133
2018-05-08, 27, 81, 157
2018-05-09, 33, 63, 139
2018-05-10, 35, 45, 178
2018-05-11, 25, 60, 134
2018-05-12, 30, 41, 158
2018-05-13, 28, 42, 138
2018-05-14, 28, 73, 169
2018-05-15, 39, 46, 153
2018-05-16, 39, 51, 164
2018-05-17, 25, 50, 171
2018-05-18, 26, 53, 134
2018-05-19, 32, 41, 154
2018-05-20, 26, 72, 134
2018-05-21, 25, 77, 179
2018-05-22, 35, 49, 153
2018-05-23, 34, 65, 155
2018-05-24, 29, 82, 143
2018-05-25, 36, 53, 194
2018-05-26, 26, 42, 189
2018-05-27, 40, 66, 160
2018-05-28, 37, 42, 199
2018-05-29, 27, 40, 158
2018-05-30, 33, 40, 198
2018-05-31, 26, 53, 174
2018-06-01, 28, 73, 177
2018-06-02, 29, 48, 169
2018-06-03, 37, 76, 181
2018-06-04, 34, 54, 161
2018-06-05, 33, 46, 179
2018-06-06, 40, 44, 185
2018-06-07, 36, 62, 180
2018-06-08, 33, 53, 159
2018-06-09, 30, 58, 186
2018-06-10, 36, 51, 143
2018-06-11, 28, 42, 185
2018-06-12, 28, 66, 151
2018-06-13, 36, 51, 187
2018-06-14, 37, 72, 141
2018-06-15, 30, 43, 168
2018-06-16, 27, 61, 134
2018-06-17, 37, 44, 171
2018-06-18, 40, 47, 161
2018-06-19, 39, 49, 140
2018-06-20, 32, 81, 147
2018-06-21, 27, 43, 188
2018-06-22, 33, 56, 169
2018-06-23, 26, 82, 157
2018-06-24, 36, 84, 176
2018-06-25, 26, 72, 199
2018-06-26, 35, 43, 192
2018-06-27, 33, 85, 197
2018-06-28, 29, 46, 174
2018-06-29, 26, 56, 149
2018-06-30, 37, 46, 137
2018-07-01, 38, 44, 182
2018-07-02, 35, 76, 187
2018-07-03, 25, 60, 188
2018-07-04, 34, 67, 138
2018-07-05, 27, 77, 167
2018-07-06, 30, 74, 130
2018-07-07, 28, 74, 131
2018-07-08, 36, 77, 196
2018-07-09, 27, 70, 181
2018-07-10, 31, 72, 188
2018-07-11, 33, 59, 161
2018-07-12, 34, 41, 190
2018-07-13, 39, 72, 140
2018-07-14, 27, 73, 191
2018-07-15, 37, 44, 149
2018-07-16, 35, 81, 141
2018-07-17, 35, 43, 181
2018-07-18, 34, 61, 153
2018-07-19, 35, 59, 130
2018-07-20, 29, 44, 146
2018-07-21, 27, 82, 188
2018-07-22, 39, 76, 167
2018-07-23, 35, 78, 146
2018-07-24, 37, 44, 180
2018-07-25, 36, 45, 156
2018-07-26, 28, 84, 173
2018-07-27, 29, 77, 156
2018-07-28, 40, 48, 134
2018-07-29, 39, 82, 142
2018-07-30, 28, 64, 132
2018-07-31, 36, 65, 146
2018-08-01, 40, 79, 139
2018-08-02, 31, 79, 172
2018-08-03, 38, 71, 164
2018-08-04, 36, 60, 184
2018-08-05, 31, 43, 168
2018-08-06, 39, 67, 180
2018-08-07, 36, 85, 148
2018-08-08, 29, 48, 182
2018-08-09, 26, 84, 191
2018-08-10, 33, 71, 176
2018-08-11, 33, 72, 159
2018-08-12, 26, 61, 133
2018-08-13, 32, 48, 175
2018-08-14, 27, 83, 155
2018-08-15, 35, 51, 165
2018-08-16, 32, 68, 136
2018-08-17, 26, 46, 160
2018-08-18, 34, 41, 132
2018-08-19, 37, 69, 199
2018-08-20, 30, 60, 139
2018-08-21, 25, 40, 178
2018-08-22, 27, 80, 161
2018-08-23, 27, 66, 133
2018-08-24, 31, 85, 184
2018-08-25, 27, 77, 150
2018-08-26, 26, 45, 159
2018-08-27, 30, 42, 197
2018-08-28, 34, 55, 153
2018-08-29, 31, 57, 144
2018-08-30, 33, 58, 198
2018-08-31, 35, 78, 174
2019-04-01, 38, 61, 135
2019-04-02, 29, 50, 195
2019-04-03, 28, 59, 183
2019-04-04, 30, 50, 173
2019-04-05, 33, 45, 148
2019-04-06, 32, 47, 137
2019-04-07, 34, 54, 171
2019-04-08, 27, 67, 152
2019-04-09, 40, 53, 157
2019-04-10, 39, 83, 182
2019-04-11, 25, 40, 179
2019-04-12, 27, 42, 148
2019-04-13, 32, 78, 188
2019-04-14, 40, 72, 161
2019-04-15, 27, 51, 198
2019-04-16, 37, 61, 199
2019-04-17, 29, 61, 168
2019-04-18, 34, 45, 193
2019-04-19, 38, 79, 198
2019-04-20, 31, 40, 193
2019-04-21, 29, 55, 145
2019-04-22, 34, 41, 161
2019-04-23, 36, 76, 174
2019-04-24, 26, 79, 159
2019-04-25, 33, 53, 165
2019-04-26, 30, 49, 139
2019-04-27, 34, 52, 158
2019-04-28, 34, 46, 139
2019-04-29, 30, 47, 152
2019-04-30, 37, 67, 143
2019-05-01, 25, 78, 147
2019-05-02, 26, 42, 155
2019-05-03, 39, 62, 180
2019-05-04, 34, 84, 183
2019-05-05, 29, 67, 151
2019-05-06, 30, 57, 144
2019-05-07, 30, 56, 198
2019-05-08, 28, 84, 154
2019-05-09, 30, 45, 175
2019-05-10, 32, 56, 145
2019-05-11, 30, 82, 164
2019-05-12, 25, 47, 160
2019-05-13, 37, 44, 163
2019-05-14, 36, 69, 145
2019-05-15, 25, 77, 160
2019-05-16, 35, 63, 147
2019-05-17, 26, 42, 148
2019-05-18, 35, 60, 175
2019-05-19, 34, 64, 176
2019-05-20, 31, 79, 200
2019-05-21, 39, 76, 131
2019-05-22, 32, 56, 174
2019-05-23, 31, 72, 189
2019-05-24, 38, 44, 155
2019-05-25, 33, 44, 163
2019-05-26, 39, 44, 170
2019-05-27, 28, 62, 172
2019-05-28, 36, 81, 194
2019-05-29, 26, 51, 192
2019-05-30, 37, 76, 180
2019-05-31, 26, 75, 193
2019-06-01, 39, 45, 145
2019-06-02, 38, 73, 196
2019-06-03, 35, 76, 154
2019-06-04, 38, 83, 153
2019-06-05, 35, 43, 183
2019-06-06, 38, 82, 187
2019-06-07, 38, 52, 175
2019-06-08, 38, 62, 152
2019-06-09, 35, 52, 137
2019-06-10, 35, 52, 188
2019-06-11, 29, 62, 168
2019-06-12, 31, 57, 178
2019-06-13, 34, 70, 169
2019-06-14, 28, 53, 155
2019-06-15, 35, 81, 182
2019-06-16, 29, 69, 176
2019-06-17, 30, 73, 160
2019-06-18, 30, 72, 137
2019-06-19, 37, 82, 161
2019-06-20, 27, 40, 194
2019-06-21, 31, 81, 170
2019-06-22, 36, 66, 175
2019-06-23, 36, 54, 151
2019-06-24, 32, 51, 182
2019-06-25, 40, 59, 173
2019-06-26, 40, 72, 189
2019-06-27, 27, 64, 135
2019-06-28, 28, 57, 186
2019-06-29, 31, 63, 147
2019-06-30, 33, 62, 164
2019-07-01, 33, 72, 158
2019-07-02, 28, 65, 164
2019-07-03, 29, 49, 196
2019-07-04, 26, 65, 187
2019-07-05, 27, 55, 169
2019-07-06, 35, 66, 163
2019-07-07, 32, 59, 132
2019-07-08, 27, 63, 143
2019-07-09, 26, 58, 133
2019-07-10, 34, 58, 158
2019-07-11, 35, 56, 155
2019-07-12, 30, 56, 136
2019-07-13, 35, 55, 154
2019-07-14, 27, 44, 138
2019-07-15, 33, 40, 146
2019-07-16, 39, 46, 144
2019-07-17, 29, 55, 183
2019-07-18, 33, 42, 197
2019-07-19, 30, 73, 174
2019-07-20, 39, 58, 170
2019-07-21, 29, 45, 131
2019-07-22, 34, 44, 169
2019-07-23, 30, 45, 143
2019-07-24, 34, 44, 188
2019-07-25, 26, 78, 187
2019-07-26, 25, 58, 155
2019-07-27, 37, 57, 189
2019-07-28, 26, 82, 149
2019-07-29, 33, 72, 172
2019-07-30, 38, 66, 182
2019-07-31, 37, 65, 141
2019-08-01, 27, 78, 139
2019-08-02, 39, 59, 181
2019-08-03, 37, 49, 155
2019-08-04, 36, 52, 139
2019-08-05, 39, 79, 188
2019-08-06, 31, 66, 200
2019-08-07, 40, 71, 196
2019-08-08, 29, 76, 179
2019-08-09, 25, 72, 143
2019-08-10, 25, 41, 197
2019-08-11, 34, 40, 136
2019-08-12, 31, 52, 195
2019-08-13, 33, 75, 163
2019-08-14, 29, 74, 130
2019-08-15, 30, 58, 162
2019-08-16, 36, 70, 179
2019-08-17, 35, 57, 143
2019-08-18, 27, 73, 192
2019-08-19, 38, 75, 197
2019-08-20, 39, 59, 190
2019-08-21, 29, 62, 186
2019-08-22, 40, 85, 162
2019-08-23, 28, 71, 131
2019-08-24, 27, 56, 136
2019-08-25, 26, 41, 152
2019-08-26, 39, 64, 154
2019-08-27, 36, 82, 179
2019-08-28, 37, 63, 190
2019-08-29, 38, 58, 188
2019-08-30, 29, 83, 140
2019-08-31, 32, 56, 142
2020-04-01, 38, 55, 182
2020-04-02, 27, 71, 154
2020-04-03, 25, 49, 139
2020-04-04, 39, 71, 183
2020-04-05, 37, 79, 192
2020-04-06, 28, 49, 166
2020-04-07, 35, 72, 194
2020-04-08, 33, 66, 150
2020-04-09, 29, 71, 157
2020-04-10, 34, 44, 157
2020-04-11, 26, 63, 132
2020-04-12, 38, 78, 157
2020-04-13, 31, 76, 150
2020-04-14, 35, 49, 179
2020-04-15, 38, 45, 190
2020-04-16, 32, 75, 179
2020-04-17, 37, 40, 181
2020-04-18, 27, 48, 151
2020-04-19, 38, 63, 163
2020-04-20, 34, 43, 134
2020-04-21, 40, 70, 195
2020-04-22, 40, 69, 185
2020-04-23, 38, 84, 135
2020-04-24, 25, 55, 145
2020-04-25, 27, 56, 182
2020-04-26, 25, 72, 176
2020-04-27, 37, 67, 143
2020-04-28, 38, 47, 179
2020-04-29, 34, 77, 187
2020-04-30, 39, 84, 190
2020-05-01, 28, 40, 200
2020-05-02, 36, 62, 198
2020-05-03, 25, 59, 138
2020-05-04, 36, 67, 145
2020-05-05, 29, 68, 137
2020-05-06, 34, 79, 158
2020-05-07, 25, 77, 161
2020-05-08, 35, 72, 155
2020-05-09, 28, 68, 195
2020-05-10, 39, 71, 178
2020-05-11, 37, 72, 136
2020-05-12, 31, 52, 157
2020-05-13, 29, 47, 158
2020-05-14, 39, 48, 145
2020-05-15, 29, 54, 168
2020-05-16, 34, 64, 199
2020-05-17, 40, 84, 159
2020-05-18, 28, 44, 200
2020-05-19, 32, 67, 168
2020-05-20, 36, 48, 168
2020-05-21, 31, 83, 181
2020-05-22, 35, 72, 131
2020-05-23, 25, 83, 179
2020-05-24, 31, 63, 198
2020-05-25, 38, 44, 150
2020-05-26, 26, 64, 175
2020-05-27, 27, 58, 149
2020-05-28, 39, 40, 194
2020-05-29, 29, 70, 195
2020-05-30, 31, 79, 134
2020-05-31, 40, 61, 141
2020-06-01, 36, 72, 150
2020-06-02, 40, 83, 149
2020-06-03, 31, 58, 136
2020-06-04, 34, 46, 152
2020-06-05, 30, 62, 169
2020-06-06, 30, 65, 157
2020-06-07, 33, 56, 170
2020-06-08, 25, 83, 155
2020-06-09, 32, 81, 175
2020-06-10, 36, 68, 189
2020-06-11, 32, 69, 184
2020-06-12, 39, 79, 190
2020-06-13, 39, 54, 160
2020-06-14, 33, 65, 144
2020-06-15, 29, 56, 187
2020-06-16, 29, 65, 158
2020-06-17, 31, 58, 175
2020-06-18, 26, 59, 181
2020-06-19, 37, 51, 141
2020-06-20, 33, 43, 171
2020-06-21, 35, 51, 167
2020-06-22, 35, 62, 151
2020-06-23, 40, 68, 181
2020-06-24, 37, 45, 177
2020-06-25, 26, 59, 143
2020-06-26, 27, 85, 159
2020-06-27, 36, 51, 137
2020-06-28, 40, 61, 143
2020-06-29, 34, 54, 130
2020-06-30, 36, 77, 133
2020-07-01, 26, 47, 186
2020-07-02, 29, 85, 154
2020-07-03, 40, 48, 189
2020-07-04, 39, 53, 198
2020-07-05, 32, 80, 195
2020-07-06, 36, 77, 160
2020-07-07, 29, 69, 149
2020-07-08, 25, 69, 171
2020-07-09, 30, 53, 185
2020-07-10, 38, 58, 165
2020-07-11, 29, 45, 134
2020-07-12, 30, 59, 186
2020-07-13, 40, 72, 142
2020-07-14, 29, 73, 135
2020-07-15, 32, 44, 137
2020-07-16, 36, 84, 169
2020-07-17, 25, 74, 189
2020-07-18, 40, 71, 192
2020-07-19, 29, 72, 142
2020-07-20, 37, 68, 143
2020-07-21, 28, 49, 183
2020-07-22, 35, 77, 145
2020-07-23, 33, 52, 135
2020-07-24, 26, 73, 171
2020-07-25, 34, 78, 185
2020-07-26, 26, 61, 160
2020-07-27, 37, 56, 166
2020-07-28, 32, 46, 147
2020-07-29, 35, 70, 168
2020-07-30, 38, 77, 149
2020-07-31, 27, 45, 185
2020-08-01, 34, 84, 166
2020-08-02, 28, 45, 147
2020-08-03, 30, 62, 131
2020-08-04, 32, 53, 137
2020-08-05, 29, 59, 151
2020-08-06, 31, 81, 190
2020-08-07, 38, 84, 150
2020-08-08, 39, 51, 171
2020-08-09, 34, 62, 189
2020-08-10, 37, 65, 186
2020-08-11, 37, 41, 186
2020-08-12, 32, 51, 193
2020-08-13, 38, 60, 185
2020-08-14, 25, 68, 194
2020-08-15, 34, 46, 158
2020-08-16, 35, 58, 194
2020-08-17, 25, 85, 174
2020-08-18, 31, 69, 185
2020-08-19, 37, 64, 195
2020-08-20, 30, 55, 185
2020-08-21, 36, 79, 141
2020-08-22, 30, 83, 171
2020-08-23, 25, 76, 189
2020-08-24, 25, 68, 132
2020-08-25, 31, 83, 162
2020-08-26, 25, 72, 137
2020-08-27, 25, 41, 196
2020-08-28, 32, 53, 154
2020-08-29, 33, 45, 195
2020-08-30, 38, 77, 168
2020-08-31, 25, 70, 154
2021-04-01, 28, 67, 199
2021-04-02, 33, 83, 164
2021-04-03, 29, 66, 197
2021-04-04, 30, 65, 156
2021-04-05, 38, 73, 150
2021-04-06, 27, 50, 176
2021-04-07, 37, 42, 152
2021-04-08, 31, 76, 185
2021-04-09, 32, 70, 168
2021-04-10, 36, 51, 131
2021-04-11, 37, 66, 172
2021-04-12, 29, 49, 168
2021-04-13, 26, 80, 182
2021-04-14, 36, 66, 183
2021-04-15, 34, 44, 163
2021-04-16, 36, 76, 143
2021-04-17, 40, 56, 168
2021-04-18, 34, 68, 192
2021-04-19, 34, 60, 144
2021-04-20, 27, 81, 151
2021-04-21, 29, 84, 148
2021-04-22, 32, 47, 175
2021-04-23, 26, 85, 157
2021-04-24, 33, 59, 158
2021-04-25, 33, 57, 174
2021-04-26, 34, 61, 186
2021-04-27, 26, 78, 167
2021-04-28, 31, 70, 163
2021-04-29, 28, 68, 180
2021-04-30, 38, 82, 186
2021-05-01, 37, 62, 164
2021-05-02, 37, 44, 172
2021-05-03, 32, 46, 179
2021-05-04, 28, 84, 137
2021-05-05, 34, 77, 133
2021-05-06, 30, 77, 195
2021-05-07, 37, 62, 189
2021-05-08, 28, 68, 172
2021-05-09, 27, 80, 142
2021-05-10, 26, 55, 164
2021-05-11, 38, 45, 141
2021-05-12, 33, 51, 132
2021-05-13, 33, 82, 177
2021-05-14, 29, 44, 148
2021-05-15, 35, 77, 157
2021-05-16, 39, 55, 149
2021-05-17, 28, 51, 188
2021-05-18, 31, 63, 191
2021-05-19, 37, 81, 141
2021-05-20, 25, 59, 197
2021-05-21, 38, 42, 198
2021-05-22, 36, 66, 183
2021-05-23, 34, 46, 161
2021-05-24, 26, 78, 194
2021-05-25, 29, 53, 135
2021-05-26, 35, 53, 195
2021-05-27, 39, 52, 175
2021-05-28, 26, 66, 192
2021-05-29, 37, 48, 198
2021-05-30, 28, 41, 163
2021-05-31, 39, 45, 157
2021-06-01, 26, 67, 191
2021-06-02, 32, 63, 141
2021-06-03, 26, 74, 166
2021-06-04, 28, 42, 197
2021-06-05, 26, 44, 135
2021-06-06, 30, 52, 132
2021-06-07, 35, 43, 191
2021-06-08, 37, 58, 179
2021-06-09, 30, 84, 132
2021-06-10, 30, 76, 136
2021-06-11, 36, 50, 146
2021-06-12, 25, 73, 143
2021-06-13, 27, 82, 181
2021-06-14, 32, 43, 148
2021-06-15, 26, 83, 140
2021-06-16, 29, 54, 173
2021-06-17, 25, 78, 152
2021-06-18, 28, 60, 138
2021-06-19, 25, 84, 156
2021-06-20, 38, 52, 180
2021-06-21, 40, 75, 181
2021-06-22, 34, 63, 173
2021-06-23, 28, 50, 170
2021-06-24, 38, 55, 132
2021-06-25, 25, 51, 191
2021-06-26, 28, 44, 144
2021-06-27, 25, 85, 146
2021-06-28, 36, 73, 139
2021-06-29, 27, 55, 192
2021-06-30, 27, 78, 147
2021-07-01, 28, 68, 138
2021-07-02, 34, 68, 153
2021-07-03, 36, 59, 158
2021-07-04, 37, 79, 162
2021-07-05, 25, 64, 162
2021-07-06, 37, 49, 179
2021-07-07, 34, 48, 191
2021-07-08, 31, 75, 187
2021-07-09, 33, 71, 167
2021-07-10, 37, 52, 177
2021-07-11, 30, 66, 162
2021-07-12, 37, 52, 171
2021-07-13, 34, 74, 144
2021-07-14, 35, 83, 193
2021-07-15, 30, 72, 163
2021-07-16, 39, 63, 131
2021-07-17, 33, 66, 145
2021-07-18, 27, 41, 156
2021-07-19, 40, 43, 153
2021-07-20, 30, 71, 187
2021-07-21, 37, 70, 193
2021-07-22, 31, 71, 160
2021-07-23, 30, 72, 174
2021-07-24, 34, 46, 173
2021-07-25, 26, 49, 197
2021-07-26, 40, 42, 130
2021-07-27, 32, 82, 144
2021-07-28, 26, 61, 178
2021-07-29, 36, 62, 185
2021-07-30, 30, 63, 192
2021-07-31, 37, 80, 134
2021-08-01, 29, 83, 160
2021-08-02, 36, 79, 183
2021-08-03, 39, 43, 151
2021-08-04, 29, 53, 160
2021-08-05, 30, 70, 183
2021-08-06, 35, 40, 143
2021-08-07, 38, 83, 181
2021-08-08, 39, 61, 198
2021-08-09, 31, 70, 147
2021-08-10, 31, 47, 160
2021-08-11, 30, 70, 131
2021-08-12, 39, 79, 158
2021-08-13, 25, 78, 131
2021-08-14, 27, 59, 157
2021-08-15, 39, 84, 191
2021-08-16, 30, 52, 171
2021-08-17, 29, 78, 197
2021-08-18, 39, 79, 173
2021-08-19, 25, 79, 164
2021-08-20, 30, 78, 183
2021-08-21, 25, 51, 190
2021-08-22, 27, 78, 197
2021-08-23, 29, 75, 195
2021-08-24, 31, 84, 145
2021-08-25, 40, 78, 166
2021-08-26, 38, 68, 173
2021-08-27, 27, 77, 141
2021-08-28, 26, 75, 141
2021-08-29, 25, 85, 164
2021-08-30, 39, 80, 161
2021-08-31, 29, 47, 134
2022-04-01, 29, 41, 162
2022-04-02, 35, 41, 179
2022-04-03, 38, 43, 181
2022-04-04, 37, 49, 157
2022-04-05, 28, 68, 185
2022-04-06, 26, 71, 153
2022-04-07, 35, 70, 134
2022-04-08, 31, 50, 160
2022-04-09, 38, 78, 148
2022-04-10, 35, 50, 154
2022-04-11, 37, 81, 191
2022-04-12, 33, 84, 164
2022-04-13, 25, 45, 169
2022-04-14, 29, 71, 179
2022-04-15, 32, 62, 164
2022-04-16, 29, 57, 181
2022-04-17, 31, 68, 169
2022-04-18, 30, 71, 187
2022-04-19, 31, 82, 168
2022-04-20, 38, 51, 182
2022-04-21, 25, 53, 195
2022-04-22, 35, 51, 171
2022-04-23, 37, 60, 177
2022-04-24, 28, 73, 176
2022-04-25, 30, 59, 161
2022-04-26, 34, 66, 165
2022-04-27, 31, 54, 162
2022-04-28, 37, 42, 199
2022-04-29, 36, 66, 171
2022-04-30, 25, 47, 180
2022-05-01, 40, 71, 179
2022-05-02, 39, 45, 200
2022-05-03, 29, 55, 177
2022-05-04, 40, 81, 183
2022-05-05, 34, 50, 132
2022-05-06, 28, 41, 142
2022-05-07, 30, 46, 175
2022-05-08, 33, 75, 185
2022-05-09, 28, 74, 153
2022-05-10, 31, 62, 182
2022-05-11, 36, 62, 185
2022-05-12, 30, 41, 167
2022-05-13, 35, 59, 189
2022-05-14, 35, 67, 151
2022-05-15, 36, 50, 197
2022-05-16, 28, 40, 175
2022-05-17, 34, 57, 158
2022-05-18, 32, 48, 131
2022-05-19, 38, 79, 161
2022-05-20, 40, 60, 180
2022-05-21, 30, 69, 155
2022-05-22, 32, 75, 135
2022-05-23, 30, 79, 156
2022-05-24, 33, 75, 190
2022-05-25, 40, 58, 142
2022-05-26, 39, 44, 186
2022-05-27, 38, 50, 194
2022-05-28, 27, 79, 196
2022-05-29, 34, 78, 139
2022-05-30, 33, 58, 188
2022-05-31, 37, 60, 179
2022-06-01, 37, 61, 134
2022-06-02, 37, 75, 183
2022-06-03, 26, 47, 191
2022-06-04, 35, 46, 175
2022-06-05, 33, 60, 137
2022-06-06, 27, 40, 192
2022-06-07, 30, 49, 136
2022-06-08, 35, 45, 186
2022-06-09, 40, 85, 195
2022-06-10, 39, 52, 135
2022-06-11, 38, 49, 177
2022-06-12, 30, 72, 143
2022-06-13, 40, 75, 175
2022-06-14, 30, 80, 195
2022-06-15, 30, 67, 199
2022-06-16, 32, 45, 167
2022-06-17, 39, 75, 174
2022-06-18, 35, 44, 179
2022-06-19, 39, 56, 131
2022-06-20, 26, 60, 151
2022-06-21, 37, 71, 136
2022-06-22, 39, 61, 154
2022-06-23, 28, 40, 173
2022-06-24, 34, 51, 195
2022-06-25, 36, 52, 161
2022-06-26, 32, 58, 134
2022-06-27, 30, 66, 181
2022-06-28, 34, 57, 197
2022-06-29, 36, 62, 178
2022-06-30, 28, 62, 130
2022-07-01, 31, 55, 131
2022-07-02, 31, 57, 183
2022-07-03, 32, 83, 160
2022-07-04, 30, 64, 176
2022-07-05, 40, 75, 168
2022-07-06, 39, 43, 150
2022-07-07, 38, 65, 154
2022-07-08, 37, 69, 166
2022-07-09, 34, 50, 180
2022-07-10, 32, 62, 184
2022-07-11, 38, 83, 152
2022-07-12, 25, 84, 154
2022-07-13, 33, 57, 177
2022-07-14, 27, 83, 194
2022-07-15, 35, 52, 134
2022-07-16, 28, 66, 162
2022-07-17, 30, 62, 132
2022-07-18, 26, 51, 150
2022-07-19, 38, 66, 158
2022-07-20, 26, 41, 134
2022-07-21, 31, 71, 200
2022-07-22, 40, 52, 183
2022-07-23, 35, 49, 162
2022-07-24, 32, 63, 173
2022-07-25, 34, 74, 140
2022-07-26, 32, 61, 149
2022-07-27, 32, 62, 163
2022-07-28, 25, 60, 190
2022-07-29, 26, 53, 170
2022-07-30, 40, 72, 137
2022-07-31, 25, 84, 196
2022-08-01, 36, 61, 183
2022-08-02, 33, 84, 170
2022-08-03, 28, 41, 181
2022-08-04, 32, 75, 177
2022-08-05, 30, 85, 193
2022-08-06, 39, 48, 133
2022-08-07, 27, 81, 165
2022-08-08, 33, 72, 188
2022-08-09, 35, 52, 192
2022-08-10, 33, 49, 162
2022-08-11, 37, 71, 144
2022-08-12, 39, 51, 136
2022-08-13, 27, 51, 176
2022-08-14, 26, 81, 191
2022-08-15, 35, 50, 161
2022-08-16, 32, 83, 168
2022-08-17, 31, 64, 187
2022-08-18, 39, 81, 171
2022-08-19, 33, 49, 190
2022-08-20, 39, 52, 145
2022-08-21, 28, 50, 148
2022-08-22, 34, 56, 169
2022-08-23, 37, 73, 186
2022-08-24, 36, 81, 179
2022-08-25, 40, 45, 151
2022-08-26, 38, 53, 164
2022-08-27, 27, 41, 186
2022-08-28, 31, 43, 196
2022-08-29, 25, 46, 188
2022-08-30, 26, 57, 192
2022-08-31, 39, 83, 146
2023-04-01, 25, 75, 153
2023-04-02, 39, 78, 167
2023-04-03, 35, 50, 155
2023-04-04, 35, 59, 168
2023-04-05, 36, 82, 200
2023-04-06, 31, 58, 183
2023-04-07, 32, 60, 176
2023-04-08, 33, 45, 154
2023-04-09, 31, 63, 184
2023-04-10, 35, 60, 141
2023-04-11, 31, 70, 139
2023-04-12, 35, 45, 167
2023-04-13, 34, 46, 187
2023-04-14, 27, 70, 130
2023-04-15, 38, 41, 156
2023-04-16, 36, 67, 183
2023-04-17, 38, 56, 168
2023-04-18, 27, 83, 196
2023-04-19, 34, 65, 185
2023-04-20, 35, 67, 170
2023-04-21, 27, 56, 177
2023-04-22, 29, 70, 180
2023-04-23, 25, 58, 197
2023-04-24, 27, 41, 161
2023-04-25, 26, 46, 140
2023-04-26, 26, 55, 134
2023-04-27, 40, 43, 181
2023-04-28, 25, 41, 150
2023-04-29, 30, 77, 169
2023-04-30, 30, 84, 177
2023-05-01, 34, 75, 193
2023-05-02, 38, 57, 164
2023-05-03, 25, 85, 156
2023-05-04, 36, 57, 142
2023-05-05, 25, 50, 158
2023-05-06, 33, 48, 157
2023-05-07, 39, 56, 137
2023-05-08, 32, 54, 135
2023-05-09, 39, 43, 195
2023-05-10, 39, 64, 200
2023-05-11, 30, 66, 197
2023-05-12, 32, 46, 158
2023-05-13, 26, 81, 149
2023-05-14, 26, 46, 200
2023-05-15, 33, 77, 138
2023-05-16, 25, 54, 169
2023-05-17, 37, 80, 134
2023-05-18, 34, 41, 174
2023-05-19, 36, 62, 175
2023-05-20, 34, 55, 187
2023-05-21, 25, 74, 194
2023-05-22, 36, 81, 161
2023-05-23, 36, 61, 164
2023-05-24, 25, 65, 161
2023-05-25, 29, 80, 185
2023-05-26, 37, 80, 150
2023-05-27, 34, 50, 155
2023-05-28, 27, 63, 185
2023-05-29, 33, 81, 180
2023-05-30, 28, 45, 188
2023-05-31, 40, 82, 152
2023-06-01, 36, 71, 139
2023-06-02, 28, 60, 191
2023-06-03, 38, 57, 145
2023-06-04, 34, 80, 174
2023-06-05, 31, 57, 185
2023-06-06, 35, 51, 166
2023-06-07, 32, 71, 145
2023-06-08, 34, 53, 177
2023-06-09, 30, 82, 141
2023-06-10, 36, 84, 141
2023-06-11, 27, 66, 143
2023-06-12, 36, 71, 186
2023-06-13, 37, 85, 192
2023-06-14, 33, 43, 136
2023-06-15, 38, 77, 172
2023-06-16, 29, 76, 180
2023-06-17, 25, 54, 182
2023-06-18, 33, 52, 176
2023-06-19, 32, 58, 166
2023-06-20, 33, 46, 139
2023-06-21, 39, 61, 142
2023-06-22, 30, 40, 138
2023-06-23, 39, 81, 198
2023-06-24, 26, 42, 186
2023-06-25, 28, 57, 178
2023-06-26, 25, 47, 192
2023-06-27, 27, 46, 172
2023-06-28, 36, 57, 179
2023-06-29, 30, 45, 174
2023-06-30, 31, 79, 194
2023-07-01, 39, 48, 142
2023-07-02, 25, 45, 172
2023-07-03, 29, 63, 145
2023-07-04, 27, 82, 193
2023-07-05, 26, 45, 134
2023-07-06, 40, 83, 167
2023-07-07, 25, 47, 166
2023-07-08, 39, 75, 181
2023-07-09, 33, 50, 138
2023-07-10, 35, 85, 189
2023-07-11, 26, 80, 150
2023-07-12, 25, 78, 131
2023-07-13, 33, 52, 153
2023-07-14, 33, 57, 154
2023-07-15, 27, 69, 145
2023-07-16, 30, 78, 153
2023-07-17, 35, 50, 185
2023-07-18, 30, 73, 191
2023-07-19, 37, 77, 132
2023-07-20, 34, 58, 149
2023-07-21, 30, 76, 176
2023-07-22, 40, 80, 184
2023-07-23, 35, 70, 135
2023-07-24, 33, 56, 200
2023-07-25, 28, 70, 140
2023-07-26, 27, 56, 135
2023-07-27, 36, 65, 171
2023-07-28, 40, 43, 200
2023-07-29, 31, 42, 182
2023-07-30, 33, 85, 185
2023-07-31, 26, 60, 160
2023-08-01, 31, 64, 173
2023-08-02, 36, 54, 145
2023-08-03, 27, 70, 188
2023-08-04, 38, 79, 192
2023-08-05, 28, 48, 198
2023-08-06, 37, 74, 196
2023-08-07, 40, 54, 195
2023-08-08, 27, 74, 156
2023-08-09, 36, 84, 135
2023-08-10, 31, 75, 152
2023-08-11, 39, 54, 200
2023-08-12, 39, 84, 174
2023-08-13, 35, 41, 136
2023-08-14, 26, 67, 166
2023-08-15, 33, 75, 186
2023-08-16, 29, 70, 130
2023-08-17, 40, 75, 158
2023-08-18, 35, 78, 135
2023-08-19, 36, 81, 197
2023-08-20, 25, 48, 163
2023-08-21, 38, 61, 198
2023-08-22, 27, 64, 171
2023-08-23, 25, 66, 189
2023-08-24, 26, 63, 169
2023-08-25, 33, 45, 148
2023-08-26, 35, 82, 157
2023-08-27, 28, 68, 162
2023-08-28, 35, 67, 176
2023-08-29, 28, 50, 176
2023-08-30, 37, 75, 141
2023-08-31, 34, 47, 150
